happiness_rank,year,country,region,happiness_score,gdp_percapita,life_expectancy,family,freedom,generosity,government_corruption
1,2015,Switzerland,Western Europe,7.587,1.39651,0.94143,1.34951,0.66557,0.29678,0.41978
2,2015,Iceland,Western Europe,7.561,1.30232,0.94784,1.40223,0.62877,0.4363,0.14145
3,2015,Denmark,Western Europe,7.527,1.32548,0.87464,1.36058,0.64938,0.34139,0.48357
4,2015,Norway,Western Europe,7.522,1.459,0.88521,1.33095,0.66973,0.34699,0.36503
5,2015,Canada,North America,7.427,1.32629,0.90563,1.32261,0.63297,0.45811,0.32957
6,2015,Finland,Western Europe,7.406,1.29025,0.88911,1.31826,0.64169,0.23351,0.41372
7,2015,Netherlands,Western Europe,7.378,1.32944,0.89284,1.28017,0.61576,0.4761,0.31814
8,2015,Sweden,Western Europe,7.364,1.33171,0.91087,1.28907,0.6598,0.36262,0.43844
9,2015,New Zealand,Australia and New Zealand,7.286,1.25018,0.90837,1.31967,0.63938,0.47501,0.42922
10,2015,Australia,Australia and New Zealand,7.284,1.33358,0.93156,1.30923,0.65124,0.43562,0.35637
11,2015,Israel,Middle East and Northern Africa,7.278,1.22857,0.91387,1.22393,0.41319,0.33172,0.07785
12,2015,Costa Rica,Latin America and Caribbean,7.226,0.95578,0.86027,1.23788,0.63376,0.25497,0.10583
13,2015,Austria,Western Europe,7.2,1.33723,0.89042,1.29704,0.62433,0.33088,0.18676
14,2015,Mexico,Latin America and Caribbean,7.187,1.02054,0.81444,0.91451,0.48181,0.14074,0.21312
15,2015,United States,North America,7.119,1.39451,0.86179,1.24711,0.54604,0.40105,0.1589
16,2015,Brazil,Latin America and Caribbean,6.983,0.98124,0.69702,1.23287,0.49049,0.14574,0.17521
17,2015,Luxembourg,Western Europe,6.946,1.56391,0.91894,1.21963,0.61583,0.28034,0.37798
18,2015,Ireland,Western Europe,6.94,1.33596,0.89533,1.36948,0.61777,0.45901,0.28703
19,2015,Belgium,Western Europe,6.937,1.30782,0.89667,1.28566,0.5845,0.2225,0.2254
20,2015,United Arab Emirates,Middle East and Northern Africa,6.901,1.42727,0.80925,1.12575,0.64157,0.26428,0.38583
21,2015,United Kingdom,Western Europe,6.867,1.26637,0.90943,1.28548,0.59625,0.51912,0.32067
22,2015,Oman,Middle East and Northern Africa,6.853,1.36011,0.76276,1.08182,0.63274,0.21542,0.32524
23,2015,"Venezuela, Bolivarian Republic of",Latin America and Caribbean,6.81,1.04424,0.72052,1.25596,0.42908,0.05841,0.11069
24,2015,Singapore,Southeastern Asia,6.798,1.52186,1.02525,1.02,0.54252,0.31105,0.4921
25,2015,Panama,Latin America and Caribbean,6.786,1.06353,0.79661,1.1985,0.5421,0.24434,0.0927
26,2015,Germany,Western Europe,6.75,1.32792,0.89186,1.29937,0.61477,0.28214,0.21843
27,2015,Chile,Latin America and Caribbean,6.67,1.10715,0.85857,1.12447,0.44132,0.33363,0.12869
28,2015,Qatar,Middle East and Northern Africa,6.611,1.69042,0.79733,1.0786,0.6404,0.32573,0.52208
29,2015,France,Western Europe,6.575,1.27778,0.94579,1.26038,0.55011,0.12332,0.20646
30,2015,Argentina,Latin America and Caribbean,6.574,1.05351,0.78723,1.24823,0.44974,0.11451,0.08484
31,2015,Czechia,Central and Eastern Europe,6.505,1.17898,0.84483,1.20643,0.46364,0.10686,0.02652
32,2015,Uruguay,Latin America and Caribbean,6.485,1.06166,0.8116,1.2089,0.60362,0.2324,0.24558
33,2015,Colombia,Latin America and Caribbean,6.477,0.91861,0.69077,1.24018,0.53466,0.18401,0.0512
34,2015,Thailand,Southeastern Asia,6.455,0.9669,0.7385,1.26504,0.55664,0.5763,0.03187
35,2015,Saudi Arabia,Middle East and Northern Africa,6.411,1.39541,0.72025,1.08393,0.31048,0.13706,0.32524
36,2015,Spain,Western Europe,6.329,1.23011,0.95562,1.31379,0.45951,0.18227,0.06398
37,2015,Malta,Western Europe,6.302,1.2074,0.88721,1.30203,0.60365,0.51752,0.13586
38,2015,"Taiwan, Province of China",Eastern Asia,6.298,1.29098,0.8753,1.07617,0.3974,0.25376,0.08129
39,2015,Kuwait,Middle East and Northern Africa,6.295,1.55422,0.72492,1.16594,0.55499,0.16228,0.25609
40,2015,Suriname,Latin America and Caribbean,6.269,0.99534,0.6082,0.972,0.59657,0.16991,0.13633
41,2015,Trinidad and Tobago,Latin America and Caribbean,6.168,1.21183,0.61483,1.18354,0.55884,0.31844,0.0114
42,2015,El Salvador,Latin America and Caribbean,6.13,0.76454,0.67737,1.02507,0.4035,0.10692,0.11776
43,2015,Guatemala,Latin America and Caribbean,6.123,0.74553,0.64425,1.04356,0.57733,0.27489,0.09472
44,2015,Uzbekistan,Central and Eastern Europe,6.003,0.63244,0.59772,1.34043,0.65821,0.22837,0.30826
45,2015,Slovakia,Central and Eastern Europe,5.995,1.16891,0.78902,1.26999,0.31751,0.16893,0.03431
46,2015,Japan,Eastern Asia,5.987,1.27074,0.99111,1.25712,0.49615,0.10705,0.1806
47,2015,"Korea, Republic of",Eastern Asia,5.984,1.24461,0.96538,0.95774,0.33208,0.18557,0.07857
48,2015,Ecuador,Latin America and Caribbean,5.975,0.86402,0.79075,0.99903,0.48574,0.11541,0.1809
49,2015,Bahrain,Middle East and Northern Africa,5.96,1.32376,0.74716,1.21624,0.45492,0.17362,0.306
50,2015,Italy,Western Europe,5.948,1.25114,0.95446,1.19777,0.26236,0.22823,0.02901
51,2015,"Bolivia, Plurinational State of",Latin America and Caribbean,5.89,0.68133,0.5392,0.97841,0.57414,0.20536,0.088
52,2015,"Moldova, Republic of",Central and Eastern Europe,5.889,0.59448,0.61826,1.01528,0.32818,0.20951,0.01615
53,2015,Paraguay,Latin America and Caribbean,5.878,0.75985,0.66098,1.30477,0.53899,0.3424,0.08242
54,2015,Kazakhstan,Central and Eastern Europe,5.855,1.12254,0.64368,1.12241,0.51649,0.11827,0.08454
55,2015,Slovenia,Central and Eastern Europe,5.848,1.18498,0.87337,1.27385,0.60855,0.25328,0.03787
56,2015,Lithuania,Central and Eastern Europe,5.833,1.14723,0.73128,1.25745,0.21342,0.02641,0.01031
57,2015,Nicaragua,Latin America and Caribbean,5.828,0.59325,0.74314,1.14184,0.55475,0.27815,0.19317
58,2015,Peru,Latin America and Caribbean,5.824,0.90019,0.73017,0.97459,0.41496,0.14982,0.05989
59,2015,Belarus,Central and Eastern Europe,5.813,1.03192,0.73608,1.23289,0.37938,0.11046,0.1909
60,2015,Poland,Central and Eastern Europe,5.791,1.12555,0.77903,1.27948,0.53122,0.16759,0.04212
61,2015,Malaysia,Southeastern Asia,5.77,1.12486,0.72394,1.07023,0.53024,0.33075,0.10501
62,2015,Croatia,Central and Eastern Europe,5.759,1.08254,0.78805,0.79624,0.25883,0.05444,0.0243
63,2015,Libya,Middle East and Northern Africa,5.754,1.13145,0.7038,1.11862,0.41668,0.18295,0.11023
64,2015,Russia,Central and Eastern Europe,5.716,1.13764,0.66926,1.23617,0.36679,0.00199,0.03005
65,2015,Jamaica,Latin America and Caribbean,5.709,0.81038,0.68741,1.15102,0.50442,0.2123,0.02299
66,2015,North Cyprus,Western Europe,5.695,1.20806,0.92356,1.07008,0.49027,0.26169,0.1428
67,2015,Cyprus,Western Europe,5.689,1.20813,0.92356,0.89318,0.40672,0.30638,0.06146
68,2015,Algeria,Middle East and Northern Africa,5.605,0.93929,0.61766,1.07772,0.28579,0.07822,0.17383
69,2015,Kosovo,Central and Eastern Europe,5.589,0.80148,0.63132,0.81198,0.24749,0.2831,0.04741
70,2015,Turkmenistan,Central and Eastern Europe,5.548,0.95847,0.53886,1.22668,0.4761,0.16979,0.30844
71,2015,Mauritius,Sub-Saharan Africa,5.477,1.00761,0.7095,0.98521,0.56066,0.37744,0.07521
72,2015,Hong Kong,Eastern Asia,5.474,1.38604,1.01328,1.05818,0.59608,0.39478,0.37124
73,2015,Estonia,Central and Eastern Europe,5.429,1.15174,0.77361,1.22791,0.44888,0.0868,0.15184
74,2015,Indonesia,Southeastern Asia,5.399,0.82827,0.63793,1.08708,0.46611,0.51535,0.0
75,2015,Viet Nam,Southeastern Asia,5.36,0.63216,0.74676,0.91226,0.59444,0.1686,0.10441
76,2015,Turkey,Middle East and Northern Africa,5.332,1.06098,0.73172,0.94632,0.22815,0.12253,0.15746
77,2015,Kyrgyzstan,Central and Eastern Europe,5.286,0.47428,0.65088,1.15115,0.43477,0.3003,0.04232
78,2015,Nigeria,Sub-Saharan Africa,5.268,0.65435,0.16007,0.90432,0.34334,0.27233,0.0403
79,2015,Bhutan,Southern Asia,5.253,0.77042,0.57407,1.10395,0.53206,0.47998,0.15445
80,2015,Azerbaijan,Central and Eastern Europe,5.212,1.02389,0.64045,0.93793,0.3703,0.07799,0.16065
81,2015,Pakistan,Southern Asia,5.194,0.59543,0.51466,0.41411,0.12102,0.33671,0.10464
82,2015,Jordan,Middle East and Northern Africa,5.192,0.90198,0.69639,1.05392,0.40661,0.11053,0.14293
82,2015,Montenegro,Central and Eastern Europe,5.192,0.97438,0.72521,0.90557,0.1826,0.1614,0.14296
84,2015,China,Eastern Asia,5.14,0.89012,0.81658,0.94675,0.51697,0.08185,0.02781
85,2015,Zambia,Sub-Saharan Africa,5.129,0.47038,0.29924,0.91612,0.48827,0.19591,0.12468
86,2015,Romania,Central and Eastern Europe,5.124,1.04345,0.7689,0.88588,0.35068,0.13748,0.00649
87,2015,Serbia,Central and Eastern Europe,5.123,0.92053,0.74836,1.00964,0.20107,0.19231,0.02617
88,2015,Portugal,Western Europe,5.102,1.15991,0.87519,1.13935,0.51469,0.13719,0.01078
89,2015,Latvia,Central and Eastern Europe,5.098,1.11312,0.72437,1.09562,0.29671,0.18226,0.06332
90,2015,Philippines,Southeastern Asia,5.073,0.70532,0.58114,1.03516,0.62545,0.24991,0.12279
91,2015,Somaliland region,Sub-Saharan Africa,5.057,0.18847,0.43873,0.95152,0.46582,0.50318,0.39928
92,2015,Morocco,Middle East and Northern Africa,5.013,0.73479,0.60954,0.64095,0.41691,0.07172,0.08546
93,2015,Macedonia,Central and Eastern Europe,5.007,0.91851,0.73545,1.00232,0.33457,0.22359,0.05327
94,2015,Mozambique,Sub-Saharan Africa,4.971,0.08308,0.09131,1.02626,0.34037,0.22269,0.15603
95,2015,Albania,Central and Eastern Europe,4.959,0.87867,0.81325,0.80434,0.35733,0.14272,0.06413
96,2015,Bosnia and Herzegovina,Central and Eastern Europe,4.949,0.83223,0.79081,0.91916,0.09245,0.24808,0.00227
97,2015,Lesotho,Sub-Saharan Africa,4.898,0.37545,0.07612,1.04103,0.31767,0.16388,0.12504
98,2015,Dominican Republic,Latin America and Caribbean,4.885,0.89537,0.66825,1.17202,0.57672,0.21684,0.14234
99,2015,Lao People's Democratic Republic,Southeastern Asia,4.876,0.59066,0.54909,0.73803,0.59591,0.42192,0.24249
100,2015,Mongolia,Eastern Asia,4.874,0.82819,0.60268,1.3006,0.43626,0.3323,0.02666
101,2015,Swaziland,Sub-Saharan Africa,4.867,0.71206,0.07566,1.07284,0.30658,0.18259,0.0306
102,2015,Greece,Western Europe,4.857,1.15406,0.88213,0.92933,0.07699,0.0,0.01397
103,2015,Lebanon,Middle East and Northern Africa,4.839,1.02564,0.83947,0.80001,0.33916,0.21854,0.04582
104,2015,Hungary,Central and Eastern Europe,4.8,1.12094,0.75905,1.20215,0.32112,0.128,0.02758
105,2015,Honduras,Latin America and Caribbean,4.788,0.59532,0.6951,0.95348,0.40148,0.23027,0.06825
106,2015,Tajikistan,Central and Eastern Europe,4.786,0.39047,0.57379,0.85563,0.47216,0.22974,0.15072
107,2015,Tunisia,Middle East and Northern Africa,4.739,0.88113,0.73793,0.60429,0.26268,0.06431,0.06358
108,2015,Palestinian Territories,Middle East and Northern Africa,4.715,0.59867,0.66015,0.92558,0.24499,0.11251,0.12905
109,2015,Bangladesh,Southern Asia,4.694,0.39753,0.60164,0.43106,0.4082,0.21222,0.12569
110,2015,"Iran, Islamic Republic of",Middle East and Northern Africa,4.686,1.0088,0.69805,0.54447,0.30033,0.38086,0.05863
111,2015,Ukraine,Central and Eastern Europe,4.681,0.79907,0.6739,1.20278,0.25123,0.15275,0.02961
112,2015,Iraq,Middle East and Northern Africa,4.677,0.98549,0.60237,0.81889,0.0,0.17922,0.13788
113,2015,South Africa,Sub-Saharan Africa,4.642,0.92049,0.27688,1.18468,0.33207,0.11973,0.08884
114,2015,Ghana,Sub-Saharan Africa,4.633,0.54558,0.40132,0.67954,0.42342,0.23087,0.04355
115,2015,Zimbabwe,Sub-Saharan Africa,4.61,0.271,0.33475,1.03276,0.25861,0.18987,0.08079
116,2015,Liberia,Sub-Saharan Africa,4.571,0.0712,0.34201,0.78968,0.28531,0.24362,0.06232
117,2015,India,Southern Asia,4.565,0.64499,0.51529,0.38174,0.39786,0.26475,0.08492
118,2015,Sudan,Sub-Saharan Africa,4.55,0.52107,0.36878,1.01404,0.10081,0.19062,0.1466
119,2015,Haiti,Latin America and Caribbean,4.518,0.26673,0.38847,0.74302,0.24425,0.46187,0.17175
120,2015,Congo (Kinshasa),Sub-Saharan Africa,4.517,0.0,0.09806,1.0012,0.22605,0.24834,0.07625
121,2015,Nepal,Southern Asia,4.514,0.35997,0.56874,0.86449,0.38282,0.32296,0.05907
122,2015,Ethiopia,Sub-Saharan Africa,4.512,0.19073,0.44055,0.60406,0.4345,0.24325,0.15048
123,2015,Sierra Leone,Sub-Saharan Africa,4.507,0.33024,0.0,0.95571,0.4084,0.21488,0.08786
124,2015,Mauritania,Sub-Saharan Africa,4.436,0.45407,0.35874,0.86908,0.24232,0.219,0.17461
125,2015,Kenya,Sub-Saharan Africa,4.419,0.36471,0.41435,0.99876,0.42215,0.37542,0.05839
126,2015,Djibouti,Sub-Saharan Africa,4.369,0.44025,0.36291,0.59207,0.46074,0.18093,0.28105
127,2015,Armenia,Central and Eastern Europe,4.35,0.76821,0.7299,0.77711,0.19847,0.07855,0.039
128,2015,Botswana,Sub-Saharan Africa,4.332,0.99355,0.04776,1.10464,0.49495,0.10461,0.12474
129,2015,Myanmar,Southeastern Asia,4.307,0.27108,0.48246,0.70905,0.44017,0.79588,0.19034
130,2015,Georgia,Central and Eastern Europe,4.297,0.7419,0.72926,0.38562,0.40577,0.05547,0.38331
131,2015,Malawi,Sub-Saharan Africa,4.292,0.01604,0.22562,0.41134,0.43054,0.33128,0.06977
132,2015,Sri Lanka,Southern Asia,4.271,0.83524,0.70806,1.01905,0.53726,0.40828,0.09179
133,2015,Cameroon,Sub-Saharan Africa,4.252,0.4225,0.23402,0.88767,0.49309,0.20618,0.05786
134,2015,Bulgaria,Central and Eastern Europe,4.218,1.01216,0.76649,1.10614,0.30587,0.11921,0.00872
135,2015,Egypt,Middle East and Northern Africa,4.194,0.8818,0.61712,0.747,0.17288,0.11291,0.06324
136,2015,Yemen,Middle East and Northern Africa,4.077,0.54649,0.40064,0.68093,0.35571,0.09131,0.07854
137,2015,Angola,Sub-Saharan Africa,4.033,0.75778,0.16683,0.8604,0.10384,0.12344,0.07122
138,2015,Mali,Sub-Saharan Africa,3.995,0.26074,0.20583,1.03526,0.38857,0.18798,0.12352
139,2015,Congo (Brazzaville),Sub-Saharan Africa,3.989,0.67866,0.31051,0.6629,0.41466,0.12388,0.11686
140,2015,Comoros,Sub-Saharan Africa,3.956,0.23906,0.36315,0.79273,0.22917,0.17441,0.199
141,2015,Uganda,Sub-Saharan Africa,3.931,0.21102,0.33861,1.13299,0.45727,0.29066,0.07267
142,2015,Senegal,Sub-Saharan Africa,3.904,0.36498,0.4354,0.97619,0.36772,0.20843,0.10713
143,2015,Gabon,Sub-Saharan Africa,3.896,1.06024,0.43372,0.90528,0.31914,0.06822,0.11091
144,2015,Niger,Sub-Saharan Africa,3.845,0.0694,0.29707,0.77265,0.47692,0.19387,0.15639
145,2015,Cambodia,Southeastern Asia,3.819,0.46038,0.61114,0.62736,0.66246,0.40359,0.07247
146,2015,"Tanzania, United Republic of",Sub-Saharan Africa,3.781,0.2852,0.38215,1.00268,0.32878,0.34377,0.05747
147,2015,Madagascar,Sub-Saharan Africa,3.681,0.20824,0.46721,0.66801,0.19184,0.21333,0.08124
148,2015,Central African Republic,Sub-Saharan Africa,3.678,0.0785,0.06699,0.0,0.48879,0.23835,0.08289
149,2015,Chad,Sub-Saharan Africa,3.667,0.34193,0.1501,0.76062,0.23501,0.18386,0.05269
150,2015,Guinea,Sub-Saharan Africa,3.656,0.17417,0.24009,0.46475,0.37725,0.28657,0.12139
151,2015,Ivory Coast,Sub-Saharan Africa,3.655,0.46534,0.15185,0.77115,0.46866,0.20165,0.17922
152,2015,Burkina Faso,Sub-Saharan Africa,3.587,0.25812,0.27125,0.85188,0.39493,0.21747,0.12832
153,2015,Afghanistan,Southern Asia,3.575,0.31982,0.30335,0.30285,0.23414,0.3651,0.09719
154,2015,Rwanda,Sub-Saharan Africa,3.465,0.22208,0.42864,0.7737,0.59201,0.22628,0.55191
155,2015,Benin,Sub-Saharan Africa,3.34,0.28665,0.3191,0.35386,0.4845,0.1826,0.0801
156,2015,Syrian Arab Republic,Middle East and Northern Africa,3.006,0.6632,0.72193,0.47489,0.15684,0.47179,0.18906
157,2015,Burundi,Sub-Saharan Africa,2.905,0.0153,0.22396,0.41587,0.1185,0.19727,0.10062
158,2015,Togo,Sub-Saharan Africa,2.839,0.20868,0.28443,0.13995,0.36453,0.16681,0.10731
1,2016,Denmark,Western Europe,7.526,1.44178,0.79504,1.16374,0.57941,0.36171,0.44453
2,2016,Switzerland,Western Europe,7.509,1.52733,0.86303,1.14524,0.58557,0.28083,0.41203
3,2016,Iceland,Western Europe,7.501,1.42666,0.86733,1.18326,0.56624,0.47678,0.14975
4,2016,Norway,Western Europe,7.498,1.57744,0.79579,1.1269,0.59609,0.37895,0.35776
5,2016,Finland,Western Europe,7.413,1.40598,0.81091,1.13464,0.57104,0.25492,0.41004
6,2016,Canada,North America,7.404,1.44015,0.8276,1.0961,0.5737,0.44834,0.31329
7,2016,Netherlands,Western Europe,7.339,1.46468,0.81231,1.02912,0.55211,0.47416,0.29927
8,2016,New Zealand,Australia and New Zealand,7.334,1.36066,0.83096,1.17278,0.58147,0.49401,0.41904
9,2016,Australia,Australia and New Zealand,7.313,1.44443,0.8512,1.10476,0.56837,0.47407,0.32331
10,2016,Sweden,Western Europe,7.291,1.45181,0.83121,1.08764,0.58218,0.38254,0.40867
11,2016,Israel,Middle East and Northern Africa,7.267,1.33766,0.84917,0.99537,0.36432,0.32288,0.08728
12,2016,Austria,Western Europe,7.119,1.45038,0.80565,1.08383,0.54355,0.32865,0.21348
13,2016,United States,North America,7.104,1.50796,0.779,1.04782,0.48163,0.41077,0.14868
14,2016,Costa Rica,Latin America and Caribbean,7.087,1.06879,0.76146,1.02152,0.55225,0.22553,0.10547
15,2016,Puerto Rico,Latin America and Caribbean,7.039,1.35943,0.77758,1.08113,0.46823,0.22202,0.12275
16,2016,Germany,Western Europe,6.994,1.44787,0.81487,1.09774,0.53466,0.30452,0.28551
17,2016,Brazil,Latin America and Caribbean,6.952,1.08754,0.61415,1.03938,0.40425,0.15776,0.14166
18,2016,Belgium,Western Europe,6.929,1.42539,0.81959,1.05249,0.51354,0.2424,0.26248
19,2016,Ireland,Western Europe,6.907,1.48341,0.81455,1.16157,0.54008,0.44963,0.29754
20,2016,Luxembourg,Western Europe,6.871,1.69752,0.84542,1.03999,0.5487,0.27571,0.35329
21,2016,Mexico,Latin America and Caribbean,6.778,1.11508,0.71143,0.7146,0.37709,0.11735,0.18355
22,2016,Singapore,Southeastern Asia,6.739,1.64555,0.94719,0.86758,0.4877,0.32706,0.46987
23,2016,United Kingdom,Western Europe,6.725,1.40283,0.80991,1.08672,0.50036,0.50156,0.27399
24,2016,Chile,Latin America and Caribbean,6.705,1.2167,0.81883,0.90587,0.37789,0.31595,0.11451
25,2016,Panama,Latin America and Caribbean,6.701,1.18306,0.70835,0.98912,0.48927,0.2418,0.08423
26,2016,Argentina,Latin America and Caribbean,6.65,1.15137,0.69711,1.06612,0.42284,0.10989,0.07296
27,2016,Czechia,Central and Eastern Europe,6.596,1.30915,0.76376,1.00793,0.41418,0.09929,0.03986
28,2016,United Arab Emirates,Middle East and Northern Africa,6.573,1.57352,0.72993,0.87114,0.56215,0.26591,0.35561
29,2016,Uruguay,Latin America and Caribbean,6.545,1.18157,0.72183,1.03143,0.54388,0.18056,0.21394
30,2016,Malta,Western Europe,6.488,1.30782,0.80315,1.09879,0.54994,0.56237,0.17554
31,2016,Colombia,Latin America and Caribbean,6.481,1.03032,0.59659,1.02169,0.44735,0.15626,0.05399
32,2016,France,Western Europe,6.478,1.39488,0.83795,1.00508,0.46562,0.1216,0.17808
33,2016,Thailand,Southeastern Asia,6.474,1.0893,0.64915,1.04477,0.49553,0.58696,0.02833
34,2016,Saudi Arabia,Middle East and Northern Africa,6.379,1.48953,0.59267,0.84829,0.37904,0.15457,0.30008
34,2016,"Taiwan, Province of China",Eastern Asia,6.379,1.39729,0.79565,0.92624,0.32377,0.25495,0.0663
36,2016,Qatar,Middle East and Northern Africa,6.375,1.82427,0.71723,0.87964,0.56679,0.32388,0.48049
37,2016,Spain,Western Europe,6.361,1.34253,0.87896,1.12945,0.37545,0.17665,0.06137
38,2016,Algeria,Middle East and Northern Africa,6.355,1.05266,0.61804,0.83309,0.21006,0.07044,0.16157
39,2016,Guatemala,Latin America and Caribbean,6.324,0.83454,0.54039,0.87119,0.50379,0.28808,0.08701
40,2016,Suriname,Latin America and Caribbean,6.269,1.09686,0.50933,0.77866,0.52234,0.16665,0.12692
41,2016,Kuwait,Middle East and Northern Africa,6.239,1.61714,0.63569,0.87758,0.43166,0.15965,0.23669
42,2016,Bahrain,Middle East and Northern Africa,6.218,1.44024,0.65696,0.94397,0.47375,0.17147,0.25772
43,2016,Trinidad and Tobago,Latin America and Caribbean,6.168,1.32572,0.52608,0.98569,0.48453,0.31935,0.01241
44,2016,"Venezuela, Bolivarian Republic of",Latin America and Caribbean,6.084,1.13367,0.61904,1.03302,0.19847,0.0425,0.08304
45,2016,Slovakia,Central and Eastern Europe,6.078,1.27973,0.70367,1.08268,0.23391,0.13837,0.02947
46,2016,El Salvador,Latin America and Caribbean,6.068,0.8737,0.596,0.80975,0.37269,0.08877,0.10613
47,2016,Malaysia,Southeastern Asia,6.005,1.25142,0.62366,0.88025,0.39031,0.41474,0.09081
48,2016,Nicaragua,Latin America and Caribbean,5.992,0.69384,0.65213,0.89521,0.46582,0.29773,0.16292
49,2016,Uzbekistan,Central and Eastern Europe,5.987,0.73591,0.50163,1.1681,0.60848,0.34326,0.28333
50,2016,Italy,Western Europe,5.977,1.35495,0.85102,1.04167,0.18827,0.16684,0.02556
51,2016,Ecuador,Latin America and Caribbean,5.976,0.97306,0.68613,0.85974,0.4027,0.10074,0.18037
52,2016,Belize,Latin America and Caribbean,5.956,0.87616,0.45569,0.68655,0.51231,0.23684,0.10771
53,2016,Japan,Eastern Asia,5.921,1.38007,0.91491,1.06054,0.46761,0.10224,0.18985
54,2016,Kazakhstan,Central and Eastern Europe,5.919,1.22943,0.57386,0.95544,0.4052,0.15011,0.11132
55,2016,"Moldova, Republic of",Central and Eastern Europe,5.897,0.69177,0.52309,0.83132,0.25202,0.19997,0.01903
56,2016,Russia,Central and Eastern Europe,5.856,1.23228,0.58991,1.05261,0.32682,0.02736,0.03586
57,2016,Poland,Central and Eastern Europe,5.835,1.24585,0.69058,1.04685,0.4519,0.14443,0.055
57,2016,"Korea, Republic of",Eastern Asia,5.835,1.35948,0.88645,0.72194,0.25168,0.18824,0.07716
59,2016,"Bolivia, Plurinational State of",Latin America and Caribbean,5.822,0.79422,0.4697,0.83779,0.50961,0.21698,0.07746
60,2016,Lithuania,Central and Eastern Europe,5.813,1.2692,0.64674,1.06411,0.18929,0.02025,0.0182
61,2016,Belarus,Central and Eastern Europe,5.802,1.13062,0.63104,1.04993,0.29091,0.13942,0.17457
62,2016,North Cyprus,Western Europe,5.771,1.31141,0.84142,0.81826,0.43596,0.26322,0.16578
63,2016,Slovenia,Central and Eastern Europe,5.768,1.29947,0.79151,1.05613,0.53164,0.25738,0.03635
64,2016,Peru,Latin America and Caribbean,5.743,0.99602,0.62994,0.81255,0.37502,0.14527,0.05292
65,2016,Turkmenistan,Central and Eastern Europe,5.658,1.08017,0.44006,1.03817,0.37408,0.22567,0.28467
66,2016,Mauritius,Sub-Saharan Africa,5.648,1.14372,0.66189,0.75695,0.46145,0.36951,0.05203
67,2016,Libya,Middle East and Northern Africa,5.615,1.06688,0.52304,0.95076,0.40672,0.17087,0.10339
68,2016,Latvia,Central and Eastern Europe,5.56,1.21788,0.63952,0.95025,0.27996,0.17445,0.0889
69,2016,Cyprus,Western Europe,5.546,1.31857,0.8488,0.70697,0.29507,0.27906,0.05228
70,2016,Paraguay,Latin America and Caribbean,5.538,0.89373,0.58295,1.11111,0.46235,0.25296,0.07396
71,2016,Romania,Central and Eastern Europe,5.528,1.1697,0.67602,0.72803,0.36712,0.12889,0.00679
72,2016,Estonia,Central and Eastern Europe,5.517,1.27964,0.68098,1.05163,0.41511,0.08423,0.18519
73,2016,Jamaica,Latin America and Caribbean,5.51,0.89333,0.59469,0.96372,0.43597,0.22245,0.04294
74,2016,Croatia,Central and Eastern Europe,5.488,1.18649,0.70524,0.60809,0.23907,0.18434,0.04002
75,2016,Hong Kong,Eastern Asia,5.458,1.5107,0.95277,0.87021,0.48079,0.40097,0.31647
76,2016,Somalia,Sub-Saharan Africa,5.44,0.0,0.11466,0.33613,0.56778,0.27225,0.3118
77,2016,Kosovo,Central and Eastern Europe,5.401,0.90145,0.54,0.66062,0.14396,0.27992,0.06547
78,2016,Turkey,Middle East and Northern Africa,5.389,1.16492,0.64718,0.87717,0.23889,0.04707,0.12348
79,2016,Indonesia,Southeastern Asia,5.314,0.95104,0.49374,0.87625,0.39237,0.56521,0.00322
80,2016,Jordan,Middle East and Northern Africa,5.303,0.99673,0.60712,0.86216,0.36023,0.14262,0.13297
81,2016,Azerbaijan,Central and Eastern Europe,5.291,1.12373,0.54504,0.76042,0.35327,0.0564,0.17914
82,2016,Philippines,Southeastern Asia,5.279,0.81217,0.47036,0.87877,0.54854,0.21674,0.11757
83,2016,China,Eastern Asia,5.245,1.0278,0.73561,0.79381,0.44012,0.04959,0.02745
84,2016,Bhutan,Southern Asia,5.196,0.8527,0.49759,0.90836,0.46074,0.48546,0.1616
85,2016,Kyrgyzstan,Central and Eastern Europe,5.185,0.56044,0.55449,0.95434,0.40212,0.38432,0.04762
86,2016,Serbia,Central and Eastern Europe,5.177,1.03437,0.6458,0.81329,0.15718,0.20737,0.04339
87,2016,Bosnia and Herzegovina,Central and Eastern Europe,5.163,0.93383,0.70766,0.64367,0.09511,0.29889,0.0
88,2016,Montenegro,Central and Eastern Europe,5.161,1.07838,0.63533,0.74173,0.15111,0.17191,0.12721
89,2016,Dominican Republic,Latin America and Caribbean,5.155,1.02787,0.57669,0.99496,0.52259,0.21286,0.12372
90,2016,Morocco,Middle East and Northern Africa,5.151,0.84058,0.59471,0.38595,0.25646,0.04053,0.08404
91,2016,Hungary,Central and Eastern Europe,5.145,1.24142,0.67608,0.93164,0.1977,0.099,0.04472
92,2016,Pakistan,Southern Asia,5.132,0.68816,0.40306,0.26135,0.14622,0.31185,0.1388
93,2016,Lebanon,Middle East and Northern Africa,5.129,1.12268,0.76171,0.64184,0.26228,0.23693,0.03061
94,2016,Portugal,Western Europe,5.123,1.27607,0.79363,0.94367,0.44727,0.11691,0.01521
95,2016,Macedonia,Central and Eastern Europe,5.121,1.0193,0.64738,0.78236,0.27668,0.23507,0.07047
96,2016,Viet Nam,Southeastern Asia,5.061,0.74037,0.66157,0.79117,0.55954,0.25075,0.11556
97,2016,Somaliland Region,Sub-Saharan Africa,5.057,0.25558,0.33108,0.75862,0.3913,0.51479,0.36794
98,2016,Tunisia,Middle East and Northern Africa,5.045,0.97724,0.59577,0.43165,0.23553,0.03936,0.0817
99,2016,Greece,Western Europe,5.033,1.24886,0.80029,0.75473,0.05822,0.0,0.04127
100,2016,Tajikistan,Central and Eastern Europe,4.996,0.48835,0.53119,0.75602,0.43408,0.25998,0.13509
101,2016,Mongolia,Eastern Asia,4.907,0.98853,0.55469,1.08983,0.35972,0.34539,0.03285
102,2016,Lao People's Democratic Republic,Southeastern Asia,4.876,0.68042,0.38291,0.5497,0.52168,0.43079,0.22423
103,2016,Nigeria,Sub-Saharan Africa,4.875,0.75216,0.05108,0.64498,0.27854,0.23219,0.0305
104,2016,Honduras,Latin America and Caribbean,4.871,0.69429,0.58383,0.75596,0.26755,0.2044,0.06906
105,2016,"Iran, Islamic Republic of",Middle East and Northern Africa,4.813,1.11758,0.64232,0.38857,0.22544,0.38538,0.0557
106,2016,Zambia,Sub-Saharan Africa,4.795,0.61202,0.23573,0.6376,0.42662,0.17866,0.11479
107,2016,Nepal,Southern Asia,4.793,0.44626,0.50073,0.69699,0.37012,0.3816,0.07008
108,2016,Palestinian Territories,Middle East and Northern Africa,4.754,0.67024,0.56844,0.71629,0.17744,0.11154,0.10613
109,2016,Albania,Central and Eastern Europe,4.655,0.9553,0.73007,0.50163,0.31866,0.1684,0.05301
110,2016,Bangladesh,Southern Asia,4.643,0.54177,0.52989,0.24749,0.39778,0.19132,0.12583
111,2016,Sierra Leone,Sub-Saharan Africa,4.635,0.36485,0.0,0.628,0.30685,0.23897,0.08196
112,2016,Iraq,Middle East and Northern Africa,4.575,1.07474,0.51076,0.59205,0.24856,0.19589,0.13636
113,2016,Namibia,Sub-Saharan Africa,4.574,0.93287,0.34745,0.70362,0.48614,0.07795,0.10398
114,2016,Cameroon,Sub-Saharan Africa,4.513,0.52497,0.12698,0.62542,0.42736,0.2268,0.06126
115,2016,Ethiopia,Sub-Saharan Africa,4.508,0.29283,0.34578,0.37932,0.36703,0.29522,0.1717
116,2016,South Africa,Sub-Saharan Africa,4.459,1.02416,0.18611,0.96053,0.42483,0.13656,0.08415
117,2016,Sri Lanka,Southern Asia,4.415,0.97318,0.62007,0.84783,0.50817,0.46978,0.07964
118,2016,India,Southern Asia,4.404,0.74036,0.45091,0.29247,0.40285,0.25028,0.08722
119,2016,Myanmar,Southeastern Asia,4.395,0.34112,0.3988,0.69981,0.42692,0.81971,0.20243
120,2016,Egypt,Middle East and Northern Africa,4.362,0.95395,0.52116,0.49813,0.18847,0.12706,0.10393
121,2016,Armenia,Central and Eastern Europe,4.36,0.86086,0.64083,0.62477,0.14037,0.07793,0.03616
122,2016,Kenya,Sub-Saharan Africa,4.356,0.52267,0.30147,0.7624,0.40576,0.41328,0.06686
123,2016,Ukraine,Central and Eastern Europe,4.324,0.87287,0.58628,1.01413,0.12859,0.20363,0.01829
124,2016,Ghana,Sub-Saharan Africa,4.276,0.63107,0.29681,0.49353,0.40973,0.21203,0.0326
125,2016,Congo (Kinshasa),Sub-Saharan Africa,4.272,0.05661,0.188,0.80676,0.15602,0.25458,0.06075
126,2016,Georgia,Central and Eastern Europe,4.252,0.83792,0.64035,0.19249,0.32461,0.06786,0.3188
127,2016,Congo (Brazzaville),Sub-Saharan Africa,4.236,0.77109,0.28212,0.47799,0.37938,0.12077,0.09753
128,2016,Senegal,Sub-Saharan Africa,4.219,0.44314,0.40457,0.77416,0.31056,0.19103,0.11681
129,2016,Bulgaria,Central and Eastern Europe,4.217,1.11306,0.67806,0.92542,0.21219,0.12793,0.00615
130,2016,Mauritania,Sub-Saharan Africa,4.201,0.61391,0.28639,0.84142,0.1268,0.22686,0.17955
131,2016,Zimbabwe,Sub-Saharan Africa,4.193,0.35041,0.1595,0.71478,0.25429,0.18503,0.08582
132,2016,Malawi,Sub-Saharan Africa,4.156,0.08709,0.29364,0.147,0.4143,0.30968,0.07564
133,2016,Sudan,Sub-Saharan Africa,4.139,0.63069,0.29759,0.81928,0.0,0.18077,0.10039
134,2016,Gabon,Sub-Saharan Africa,4.121,1.15851,0.3494,0.72368,0.28098,0.06244,0.09314
135,2016,Mali,Sub-Saharan Africa,4.073,0.31292,0.16347,0.86333,0.27544,0.21064,0.13647
136,2016,Haiti,Latin America and Caribbean,4.028,0.34097,0.27494,0.29561,0.12072,0.47958,0.14476
137,2016,Botswana,Sub-Saharan Africa,3.974,1.09426,0.34752,0.89186,0.44089,0.12425,0.10769
138,2016,Comoros,Sub-Saharan Africa,3.956,0.27509,0.29981,0.60323,0.15412,0.1827,0.18437
139,2016,Ivory Coast,Sub-Saharan Africa,3.916,0.55507,0.04476,0.57576,0.40663,0.20338,0.1553
140,2016,Cambodia,Southeastern Asia,3.907,0.55604,0.42494,0.5375,0.58852,0.40339,0.08092
141,2016,Angola,Sub-Saharan Africa,3.866,0.84731,0.04991,0.66366,0.00589,0.12071,0.08434
142,2016,Niger,Sub-Saharan Africa,3.856,0.1327,0.26162,0.6053,0.38041,0.2097,0.17176
143,2016,South Sudan,Sub-Saharan Africa,3.832,0.39394,0.15781,0.18519,0.19662,0.25899,0.13015
144,2016,Chad,Sub-Saharan Africa,3.763,0.42214,0.03824,0.63178,0.12807,0.18667,0.04952
145,2016,Burkina Faso,Sub-Saharan Africa,3.739,0.31995,0.21297,0.63054,0.3337,0.24353,0.12533
145,2016,Uganda,Sub-Saharan Africa,3.739,0.34719,0.19625,0.90981,0.43653,0.27102,0.06442
147,2016,Yemen,Middle East and Northern Africa,3.724,0.57939,0.31048,0.47493,0.2287,0.09821,0.05892
148,2016,Madagascar,Sub-Saharan Africa,3.695,0.27954,0.37109,0.46115,0.13684,0.2204,0.07506
149,2016,"Tanzania, United Republic of",Sub-Saharan Africa,3.666,0.47155,0.357,0.77623,0.3176,0.31472,0.05099
150,2016,Liberia,Sub-Saharan Africa,3.622,0.10706,0.23165,0.50353,0.25748,0.24063,0.04852
151,2016,Guinea,Sub-Saharan Africa,3.607,0.22415,0.18829,0.3109,0.30953,0.29914,0.1192
152,2016,Rwanda,Sub-Saharan Africa,3.515,0.32846,0.31865,0.61586,0.5432,0.23552,0.50521
153,2016,Benin,Sub-Saharan Africa,3.484,0.39499,0.21028,0.10419,0.39747,0.2018,0.06681
154,2016,Afghanistan,Southern Asia,3.36,0.38227,0.17344,0.11037,0.1643,0.31268,0.07112
155,2016,Togo,Sub-Saharan Africa,3.303,0.28123,0.24811,0.0,0.34678,0.17517,0.11587
156,2016,Syrian Arab Republic,Middle East and Northern Africa,3.069,0.74719,0.62994,0.14866,0.06912,0.48397,0.17233
157,2016,Burundi,Sub-Saharan Africa,2.905,0.06831,0.15747,0.23442,0.0432,0.2029,0.09419
1,2017,Norway,Western Europe,7.53700017929077,1.61646318435669,0.796666502952576,1.53352355957031,0.635422587394714,0.36201223731041,0.315963834524155
2,2017,Denmark,Western Europe,7.52199983596802,1.48238301277161,0.792565524578094,1.55112159252167,0.626006722450256,0.355280488729477,0.40077006816864
3,2017,Iceland,Western Europe,7.50400018692017,1.480633020401,0.833552122116089,1.6105740070343,0.627162635326385,0.475540220737457,0.153526559472084
4,2017,Switzerland,Western Europe,7.49399995803833,1.56497955322266,0.858131289482117,1.51691174507141,0.620070576667786,0.290549278259277,0.367007285356522
5,2017,Finland,Western Europe,7.4689998626709,1.44357192516327,0.80915766954422,1.5402467250824,0.617950856685638,0.24548277258873,0.38261154294014
6,2017,Netherlands,Western Europe,7.3769998550415,1.50394463539124,0.810696125030518,1.42893922328949,0.585384488105774,0.470489829778671,0.282661825418472
7,2017,Canada,North America,7.31599998474121,1.47920441627502,0.83455765247345,1.48134899139404,0.611100912094116,0.435539722442627,0.287371516227722
8,2017,New Zealand,Australia and New Zealand,7.31400012969971,1.40570604801178,0.816759705543518,1.54819512367249,0.614062130451202,0.500005125999451,0.382816702127457
9,2017,Sweden,Western Europe,7.28399991989136,1.49438726902008,0.830875158309937,1.47816216945648,0.612924098968506,0.385399252176285,0.384398728609085
10,2017,Australia,Australia and New Zealand,7.28399991989136,1.484414935112,0.84388679265976,1.51004195213318,0.601607382297516,0.477699249982834,0.301183730363846
11,2017,Israel,Middle East and Northern Africa,7.21299982070923,1.37538242340088,0.83840399980545,1.37628996372223,0.405988603830338,0.330082654953003,0.0852421000599861
12,2017,Costa Rica,Latin America and Caribbean,7.0789999961853,1.10970628261566,0.759509265422821,1.41640365123749,0.580131649971008,0.214613229036331,0.100106589496136
13,2017,Austria,Western Europe,7.00600004196167,1.48709726333618,0.815328419208527,1.4599449634552,0.567766189575195,0.316472321748734,0.221060365438461
14,2017,United States,North America,6.99300003051758,1.54625928401947,0.77428662776947,1.41992056369781,0.505740523338318,0.392578780651093,0.135638788342476
15,2017,Ireland,Western Europe,6.97700023651123,1.53570663928986,0.80978262424469,1.55823111534119,0.573110342025757,0.42785832285881,0.29838815331459
16,2017,Germany,Western Europe,6.95100021362305,1.48792338371277,0.798950731754303,1.47252035140991,0.562511384487152,0.336269170045853,0.276731938123703
17,2017,Belgium,Western Europe,6.89099979400635,1.46378076076508,0.818091869354248,1.46231269836426,0.539770722389221,0.231503337621689,0.251343131065369
18,2017,Luxembourg,Western Europe,6.86299991607666,1.74194359779358,0.845089495182037,1.45758366584778,0.59662789106369,0.283180981874466,0.31883442401886
19,2017,United Kingdom,Western Europe,6.71400022506714,1.44163393974304,0.805335938930511,1.49646008014679,0.508190035820007,0.492774158716202,0.265428066253662
20,2017,Chile,Latin America and Caribbean,6.65199995040894,1.25278460979462,0.819479703903198,1.28402495384216,0.376895278692245,0.326662421226501,0.0822879821062088
21,2017,United Arab Emirates,Middle East and Northern Africa,6.64799976348877,1.62634336948395,0.726798236370087,1.26641023159027,0.60834527015686,0.3609419465065,0.324489563703537
22,2017,Brazil,Latin America and Caribbean,6.63500022888184,1.10735321044922,0.616552352905273,1.43130600452423,0.437453746795654,0.16234989464283,0.111092761158943
23,2017,Czechia,Central and Eastern Europe,6.60900020599365,1.35268235206604,0.754444003105164,1.43388521671295,0.490946173667908,0.0881067588925362,0.0368729270994663
24,2017,Argentina,Latin America and Caribbean,6.59899997711182,1.18529546260834,0.695137083530426,1.44045114517212,0.494519203901291,0.109457060694695,0.059739887714386
25,2017,Mexico,Latin America and Caribbean,6.57800006866455,1.15318381786346,0.709978997707367,1.210862159729,0.412730008363724,0.120990432798862,0.132774114608765
26,2017,Singapore,Southeastern Asia,6.57200002670288,1.69227766990662,0.949492394924164,1.35381436347961,0.549840569496155,0.345965981483459,0.46430778503418
27,2017,Malta,Western Europe,6.52699995040894,1.34327983856201,0.821944236755371,1.48841166496277,0.588767051696777,0.574730575084686,0.153066068887711
28,2017,Uruguay,Latin America and Caribbean,6.4539999961853,1.21755969524384,0.719216823577881,1.41222786903381,0.57939225435257,0.175096929073334,0.178061872720718
29,2017,Guatemala,Latin America and Caribbean,6.4539999961853,0.872001945972443,0.540239989757538,1.25558519363403,0.531310617923737,0.283488392829895,0.0772232785820961
30,2017,Panama,Latin America and Caribbean,6.4520001411438,1.23374843597412,0.706156134605408,1.37319254875183,0.550026834011078,0.21055693924427,0.070983923971653
31,2017,France,Western Europe,6.44199991226196,1.43092346191406,0.844465851783752,1.38777685165405,0.470222115516663,0.129762306809425,0.172502428293228
32,2017,Thailand,Southeastern Asia,6.42399978637695,1.12786877155304,0.647239029407501,1.42579245567322,0.580200731754303,0.572123110294342,0.0316127352416515
33,2017,"Taiwan, Province of China",Eastern Asia,6.42199993133545,1.43362653255463,0.793984234333038,1.38456535339355,0.361466586589813,0.258360475301743,0.0638292357325554
34,2017,Spain,Western Europe,6.40299987792969,1.38439786434174,0.888960599899292,1.53209090232849,0.408781230449677,0.190133571624756,0.0709140971302986
35,2017,Qatar,Middle East and Northern Africa,6.375,1.87076568603516,0.710098087787628,1.27429687976837,0.604130983352661,0.330473870038986,0.439299255609512
36,2017,Colombia,Latin America and Caribbean,6.35699987411499,1.07062232494354,0.595027923583984,1.4021829366684,0.477487415075302,0.149014472961426,0.0466687418520451
37,2017,Saudi Arabia,Middle East and Northern Africa,6.3439998626709,1.53062355518341,0.590148329734802,1.28667759895325,0.449750572443008,0.147616013884544,0.27343225479126
38,2017,Trinidad and Tobago,Latin America and Caribbean,6.16800022125244,1.36135590076447,0.519983291625977,1.3802285194397,0.518630743026733,0.325296461582184,0.0089648161083459
39,2017,Kuwait,Middle East and Northern Africa,6.10500001907349,1.63295245170593,0.632105708122253,1.25969874858856,0.496337592601776,0.228289797902107,0.215159550309181
40,2017,Slovakia,Central and Eastern Europe,6.09800004959106,1.32539355754852,0.712732911109924,1.50505924224854,0.295817464590073,0.136544480919838,0.0242108516395092
41,2017,Bahrain,Middle East and Northern Africa,6.08699989318848,1.48841226100922,0.653133034706116,1.32311046123505,0.536746919155121,0.172668486833572,0.257042169570923
42,2017,Malaysia,Southeastern Asia,6.08400011062622,1.29121541976929,0.618784427642822,1.28464603424072,0.402264982461929,0.416608929634094,0.0656007081270218
43,2017,Nicaragua,Latin America and Caribbean,6.07100009918213,0.737299203872681,0.653095960617065,1.28721570968628,0.447551846504211,0.301674216985703,0.130687981843948
44,2017,Ecuador,Latin America and Caribbean,6.00799989700317,1.00082039833069,0.685636222362518,1.28616881370544,0.4551981985569,0.150112465023994,0.140134647488594
45,2017,El Salvador,Latin America and Caribbean,6.00299978256226,0.909784495830536,0.596018552780151,1.18212509155273,0.432452529668808,0.0782579854130745,0.0899809598922729
46,2017,Poland,Central and Eastern Europe,5.97300004959106,1.29178786277771,0.699475347995758,1.44571197032928,0.520342111587524,0.158465966582298,0.0593078061938286
47,2017,Uzbekistan,Central and Eastern Europe,5.97100019454956,0.786441087722778,0.498272627592087,1.54896914958954,0.658248662948608,0.415983647108078,0.246528223156929
48,2017,Italy,Western Europe,5.96400022506714,1.39506661891937,0.853144347667694,1.44492328166962,0.256450712680817,0.17278964817524,0.0280280914157629
49,2017,Russia,Central and Eastern Europe,5.96299982070923,1.28177809715271,0.547349333763123,1.46928238868713,0.373783111572266,0.0522638224065304,0.0329628810286522
50,2017,Belize,Latin America and Caribbean,5.95599985122681,0.907975316047668,0.450191766023636,1.08141779899597,0.547509372234344,0.240015640854836,0.0965810716152191
51,2017,Japan,Eastern Asia,5.92000007629395,1.41691517829895,0.913475871086121,1.43633782863617,0.505625545978546,0.12057276815176,0.163760736584663
52,2017,Lithuania,Central and Eastern Europe,5.90199995040894,1.31458234786987,0.62894994020462,1.47351610660553,0.234231784939766,0.010164656676352,0.0118656428530812
53,2017,Algeria,Middle East and Northern Africa,5.87200021743774,1.09186446666718,0.617584645748138,1.1462174654007,0.233335807919502,0.0694366469979286,0.146096110343933
54,2017,Latvia,Central and Eastern Europe,5.84999990463257,1.26074862480164,0.638566970825195,1.40471494197845,0.325707912445068,0.153074786067009,0.0738427266478539
55,2017,"Korea, Republic of",Eastern Asia,5.83799982070923,1.40167844295502,0.900214076042175,1.12827444076538,0.257921665906906,0.206674367189407,0.0632826685905457
56,2017,"Moldova, Republic of",Central and Eastern Europe,5.83799982070923,0.728870630264282,0.589465200901031,1.25182557106018,0.240729048848152,0.208779126405716,0.0100912861526012
57,2017,Romania,Central and Eastern Europe,5.82499980926514,1.21768391132355,0.685158312320709,1.15009129047394,0.457003742456436,0.133519917726517,0.00438790069893
58,2017,"Bolivia, Plurinational State of",Latin America and Caribbean,5.82299995422363,0.833756566047668,0.473630249500275,1.22761905193329,0.558732926845551,0.22556072473526,0.0604777261614799
59,2017,Turkmenistan,Central and Eastern Europe,5.82200002670288,1.13077676296234,0.437726080417633,1.49314916133881,0.41827192902565,0.24992498755455,0.259270340204239
60,2017,Kazakhstan,Central and Eastern Europe,5.81899976730347,1.28455626964569,0.606041550636292,1.38436901569366,0.437454283237457,0.201964423060417,0.119282886385918
61,2017,North Cyprus,Western Europe,5.80999994277954,1.3469113111496,0.834647238254547,1.18630337715149,0.471203625202179,0.266845703125,0.155353352427483
62,2017,Slovenia,Central and Eastern Europe,5.75799989700317,1.3412059545517,0.790828227996826,1.45251882076263,0.572575807571411,0.242649093270302,0.0451289787888527
63,2017,Peru,Latin America and Caribbean,5.71500015258789,1.03522527217865,0.630166113376617,1.21877038478851,0.450002878904343,0.126819714903831,0.0470490865409374
64,2017,Mauritius,Sub-Saharan Africa,5.62900018692017,1.18939554691315,0.638007462024689,1.20956099033356,0.491247326135635,0.360933750867844,0.0421815551817417
65,2017,Cyprus,Western Europe,5.62099981307983,1.35593807697296,0.84471470117569,1.13136327266693,0.355111539363861,0.271254301071167,0.0412379764020443
66,2017,Estonia,Central and Eastern Europe,5.61100006103516,1.32087934017181,0.695168316364288,1.47667109966278,0.479131430387497,0.0988908112049103,0.183248922228813
67,2017,Belarus,Central and Eastern Europe,5.56899976730347,1.15655755996704,0.637714266777039,1.44494521617889,0.295400261878967,0.15513750910759,0.156313821673393
68,2017,Libya,Middle East and Northern Africa,5.52500009536743,1.10180306434631,0.520169019699097,1.35756433010101,0.465733230113983,0.152073666453362,0.0926102101802826
69,2017,Turkey,Middle East and Northern Africa,5.5,1.19827437400818,0.637605607509613,1.33775317668915,0.300740599632263,0.0466930419206619,0.0996715798974037
70,2017,Paraguay,Latin America and Caribbean,5.49300003051758,0.932537317276001,0.579250693321228,1.50728487968445,0.473507791757584,0.224150657653809,0.091065913438797
71,2017,Hong Kong,Eastern Asia,5.47200012207031,1.55167484283447,0.943062424659729,1.26279091835022,0.490968644618988,0.374465793371201,0.293933749198914
72,2017,Philippines,Southeastern Asia,5.42999982833862,0.85769921541214,0.468009054660797,1.25391757488251,0.585214674472809,0.193513423204422,0.0993318930268288
73,2017,Serbia,Central and Eastern Europe,5.39499998092651,1.06931757926941,0.65078467130661,1.25818979740143,0.208715528249741,0.220125883817673,0.0409037806093693
74,2017,Jordan,Middle East and Northern Africa,5.33599996566772,0.991012394428253,0.604590058326721,1.23908889293671,0.418421149253845,0.172170460224152,0.11980327218771
75,2017,Hungary,Central and Eastern Europe,5.32399988174438,1.2860119342804,0.687763452529907,1.34313309192657,0.175863519310951,0.0784016624093056,0.0366369374096394
76,2017,Jamaica,Latin America and Caribbean,5.31099987030029,0.925579309463501,0.641022384166718,1.36821806430817,0.474307239055634,0.233818337321281,0.0552677810192108
77,2017,Croatia,Central and Eastern Europe,5.29300022125244,1.22255623340607,0.701288521289825,0.96798300743103,0.255772292613983,0.248002976179123,0.0431031100451946
78,2017,Kosovo,Central and Eastern Europe,5.27899980545044,0.951484382152557,0.541452050209045,1.13785350322723,0.260287940502167,0.319931447505951,0.0574716180562973
79,2017,China,Eastern Asia,5.27299976348877,1.08116579055786,0.741415500640869,1.16083741188049,0.472787708044052,0.0288068410009146,0.0227942746132612
80,2017,Pakistan,Southern Asia,5.26900005340576,0.72688353061676,0.402047783136368,0.672690689563751,0.23521526157856,0.315446019172668,0.124348066747189
81,2017,Indonesia,Southeastern Asia,5.26200008392334,0.995538592338562,0.492345720529556,1.27444469928741,0.443323463201523,0.611704587936401,0.0153171354904771
82,2017,"Venezuela, Bolivarian Republic of",Latin America and Caribbean,5.25,1.12843120098114,0.617144227027893,1.43133759498596,0.153997123241425,0.0650196298956871,0.0644911229610443
83,2017,Montenegro,Central and Eastern Europe,5.23699998855591,1.12112903594971,0.667464673519135,1.23837649822235,0.194989055395126,0.197911024093628,0.0881741940975189
84,2017,Morocco,Middle East and Northern Africa,5.2350001335144,0.878114581108093,0.59771066904068,0.774864435195923,0.408158332109451,0.0322099551558495,0.0877631828188896
85,2017,Azerbaijan,Central and Eastern Europe,5.23400020599365,1.15360176563263,0.540775775909424,1.15240025520325,0.398155838251114,0.0452693402767181,0.180987507104874
86,2017,Dominican Republic,Latin America and Caribbean,5.23000001907349,1.07937383651733,0.574873745441437,1.40241670608521,0.55258983373642,0.186967849731445,0.113945253193378
87,2017,Greece,Western Europe,5.22700023651123,1.28948748111725,0.810198903083801,1.23941457271576,0.0957312509417534,0.0,0.04328977689147
88,2017,Lebanon,Middle East and Northern Africa,5.22499990463257,1.07498753070831,0.735081076622009,1.12962424755096,0.288515985012054,0.264450758695602,0.037513829767704
89,2017,Portugal,Western Europe,5.19500017166138,1.3151752948761,0.795843541622162,1.36704301834106,0.498465299606323,0.0951027125120163,0.0158694516867399
90,2017,Bosnia and Herzegovina,Central and Eastern Europe,5.18200016021729,0.982409417629242,0.705186307430267,1.0693359375,0.204403176903725,0.328867495059967,0.0
91,2017,Honduras,Latin America and Caribbean,5.18100023269653,0.730573117733002,0.582569479942322,1.14394497871399,0.348079860210419,0.236188873648643,0.0733454525470734
92,2017,Macedonia,Central and Eastern Europe,5.17500019073486,1.06457793712616,0.644948184490204,1.20789301395416,0.325905978679657,0.25376096367836,0.0602777935564518
93,2017,Somalia,Sub-Saharan Africa,5.15100002288818,0.0226431842893362,0.113989137113094,0.721151351928711,0.602126955986023,0.291631311178207,0.282410323619843
94,2017,Viet Nam,Southeastern Asia,5.07399988174438,0.788547575473785,0.652168989181519,1.27749133110046,0.571055591106415,0.234968051314354,0.0876332372426987
95,2017,Nigeria,Sub-Saharan Africa,5.07399988174438,0.783756256103516,0.0569157302379608,1.21577048301697,0.394952565431595,0.230947196483612,0.0261215660721064
96,2017,Tajikistan,Central and Eastern Europe,5.04099988937378,0.524713635444641,0.529235124588013,1.27146327495575,0.471566706895828,0.248997643589973,0.146377146244049
97,2017,Bhutan,Southern Asia,5.01100015640259,0.885416388511658,0.495879292488098,1.34012651443481,0.501537680625916,0.474054545164108,0.173380389809608
98,2017,Kyrgyzstan,Central and Eastern Europe,5.00400018692017,0.596220076084137,0.553457796573639,1.39423859119415,0.454943388700485,0.42858037352562,0.0394391790032387
99,2017,Nepal,Southern Asia,4.96199989318848,0.479820191860199,0.504130780696869,1.17928326129913,0.440305948257446,0.394096165895462,0.0729755461215973
100,2017,Mongolia,Eastern Asia,4.95499992370605,1.02723586559296,0.557783484458923,1.4930112361908,0.394143968820572,0.338464230298996,0.0329022891819477
101,2017,South Africa,Sub-Saharan Africa,4.8289999961853,1.05469870567322,0.187080070376396,1.38478863239288,0.479246735572815,0.139362379908562,0.0725094974040985
102,2017,Tunisia,Middle East and Northern Africa,4.80499982833862,1.00726580619812,0.613212049007416,0.868351459503174,0.289680689573288,0.0496933571994305,0.0867231488227844
103,2017,Palestinian Territories,Middle East and Northern Africa,4.77500009536743,0.716249227523804,0.565666973590851,1.15564715862274,0.25471106171608,0.114173173904419,0.0892826020717621
104,2017,Egypt,Middle East and Northern Africa,4.7350001335144,0.989701807498932,0.520187258720398,0.997471392154694,0.282110154628754,0.128631442785263,0.114381365478039
105,2017,Bulgaria,Central and Eastern Europe,4.71400022506714,1.1614590883255,0.708217680454254,1.43437945842743,0.289231717586517,0.113177694380283,0.0110515309497714
106,2017,Sierra Leone,Sub-Saharan Africa,4.70900011062622,0.36842092871666,0.0055647538974881,0.984136044979095,0.318697690963745,0.293040901422501,0.0710951760411263
107,2017,Cameroon,Sub-Saharan Africa,4.69500017166138,0.564305365085602,0.132892116904259,0.946018218994141,0.430388748645782,0.236298456788063,0.0513066314160824
108,2017,"Iran, Islamic Republic of",Middle East and Northern Africa,4.69199991226196,1.15687310695648,0.639333188533783,0.711551249027252,0.249322608113289,0.387242913246155,0.048761073499918
109,2017,Albania,Central and Eastern Europe,4.64400005340576,0.996192753314972,0.731159746646881,0.803685247898102,0.381498634815216,0.201312944293022,0.0398642159998417
110,2017,Bangladesh,Southern Asia,4.60799980163574,0.586682975292206,0.533241033554077,0.735131740570068,0.478356659412384,0.172255352139473,0.123717859387398
111,2017,Namibia,Sub-Saharan Africa,4.57399988174438,0.964434325695038,0.33861181139946,1.0984708070755,0.520303547382355,0.0771337449550629,0.0931469723582268
112,2017,Kenya,Sub-Saharan Africa,4.55299997329712,0.560479462146759,0.309988349676132,1.06795072555542,0.452763766050339,0.444860309362411,0.0646413192152977
113,2017,Mozambique,Sub-Saharan Africa,4.55000019073486,0.234305649995804,0.106654435396194,0.870701014995575,0.480791091918945,0.322228103876114,0.179436385631561
114,2017,Myanmar,Southeastern Asia,4.54500007629395,0.367110550403595,0.397522568702698,1.12323594093323,0.514492034912109,0.838075160980225,0.188816204667091
115,2017,Senegal,Sub-Saharan Africa,4.53499984741211,0.479309022426605,0.409362852573395,1.17969191074371,0.377922266721725,0.183468893170357,0.115460447967052
116,2017,Zambia,Sub-Saharan Africa,4.51399993896484,0.636406779289246,0.257835894823074,1.00318729877472,0.461603492498398,0.249580144882202,0.0782135501503944
117,2017,Iraq,Middle East and Northern Africa,4.49700021743774,1.10271048545837,0.501180469989777,0.978613197803497,0.288555532693863,0.19963726401329,0.107215754687786
118,2017,Gabon,Sub-Saharan Africa,4.46500015258789,1.1982102394104,0.356578588485718,1.1556202173233,0.312328577041626,0.0437853783369064,0.0760467872023582
119,2017,Ethiopia,Sub-Saharan Africa,4.46000003814697,0.339233845472336,0.353409707546234,0.86466920375824,0.408842742443085,0.312650740146637,0.165455713868141
120,2017,Sri Lanka,Southern Asia,4.44000005722046,1.00985014438629,0.625130832195282,1.25997638702393,0.561213254928589,0.490863561630249,0.0736539661884308
121,2017,Armenia,Central and Eastern Europe,4.37599992752075,0.900596737861633,0.637524425983429,1.00748372077942,0.198303267359734,0.0834880918264389,0.0266744215041399
122,2017,India,Southern Asia,4.31500005722046,0.792221248149872,0.455427616834641,0.754372596740723,0.469987004995346,0.231538489460945,0.0922268852591515
123,2017,Mauritania,Sub-Saharan Africa,4.29199981689453,0.648457288742065,0.285349279642105,1.2720308303833,0.0960980430245399,0.201870024204254,0.136957004666328
124,2017,Congo (Brazzaville),Sub-Saharan Africa,4.29099988937378,0.808964252471924,0.28995743393898,0.832044363021851,0.435025870800018,0.120852127671242,0.0796181336045265
125,2017,Georgia,Central and Eastern Europe,4.28599977493286,0.950612664222717,0.649546980857849,0.57061493396759,0.309410035610199,0.0540088154375553,0.251666635274887
126,2017,Congo (Kinshasa),Sub-Saharan Africa,4.28000020980835,0.0921023488044739,0.191407024860382,1.22902345657349,0.235961347818375,0.246455833315849,0.0602413564920425
127,2017,Mali,Sub-Saharan Africa,4.19000005722046,0.476180493831635,0.169365674257278,1.28147339820862,0.306613743305206,0.183354198932648,0.104970246553421
128,2017,Ivory Coast,Sub-Saharan Africa,4.17999982833862,0.603048920631409,0.0486421696841717,0.904780030250549,0.447706192731857,0.201237469911575,0.130061775445938
129,2017,Cambodia,Southeastern Asia,4.16800022125244,0.601765096187592,0.429783403873444,1.00623834133148,0.633375823497772,0.385922968387604,0.0681059509515762
130,2017,Sudan,Sub-Saharan Africa,4.13899993896484,0.65951669216156,0.290920823812485,1.21400856971741,0.0149958552792668,0.182317450642586,0.089847519993782
131,2017,Ghana,Sub-Saharan Africa,4.11999988555908,0.667224824428558,0.295637726783752,0.873664736747742,0.423026293516159,0.256923943758011,0.0253363698720932
132,2017,Ukraine,Central and Eastern Europe,4.09600019454956,0.89465194940567,0.575903952121735,1.39453756809235,0.122974775731564,0.270061463117599,0.0230294708162546
133,2017,Uganda,Sub-Saharan Africa,4.08099985122681,0.381430715322495,0.217632606625557,1.12982773780823,0.443185955286026,0.325766056776047,0.057069718837738
134,2017,Burkina Faso,Sub-Saharan Africa,4.03200006484985,0.3502277135849,0.215844258666039,1.04328000545502,0.324367851018906,0.250864684581757,0.120328105986118
135,2017,Niger,Sub-Saharan Africa,4.02799987792969,0.161925330758095,0.26850500702858,0.993025004863739,0.36365869641304,0.228673845529556,0.138572946190834
136,2017,Malawi,Sub-Saharan Africa,3.97000002861023,0.233442038297653,0.315089583396912,0.512568831443787,0.466914653778076,0.287170469760895,0.0727116540074348
137,2017,Chad,Sub-Saharan Africa,3.93600010871887,0.438012987375259,0.0411347150802612,0.953855872154236,0.16234202682972,0.216113850474358,0.0535818822681904
138,2017,Zimbabwe,Sub-Saharan Africa,3.875,0.375846534967422,0.196763753890991,1.08309590816498,0.336384207010269,0.189143493771553,0.0953753814101219
139,2017,Lesotho,Sub-Saharan Africa,3.80800008773804,0.521021246910095,0.0,1.19009518623352,0.390661299228668,0.157497271895409,0.119094640016556
140,2017,Angola,Sub-Saharan Africa,3.79500007629395,0.858428180217743,0.0498686656355858,1.10441195964813,0.0,0.097926490008831,0.0697203353047371
141,2017,Afghanistan,Southern Asia,3.79399991035461,0.401477217674255,0.180746778845787,0.581543326377869,0.106179520487785,0.311870932579041,0.0611578300595284
142,2017,Botswana,Sub-Saharan Africa,3.76600003242493,1.12209415435791,0.341755509376526,1.22155499458313,0.505196332931519,0.0993484482169151,0.0985831990838051
143,2017,Benin,Sub-Saharan Africa,3.65700006484985,0.431085407733917,0.209930211305618,0.435299843549728,0.425962775945663,0.207948461174965,0.0609290152788162
144,2017,Madagascar,Sub-Saharan Africa,3.64400005340576,0.305808693170547,0.375223308801651,0.913020372390747,0.189196765422821,0.208732530474663,0.0672319754958153
145,2017,Haiti,Latin America and Caribbean,3.6029999256134,0.368610262870789,0.277321130037308,0.640449821949005,0.0303698573261499,0.489203780889511,0.0998721495270729
146,2017,Yemen,Middle East and Northern Africa,3.59299993515015,0.591683447360992,0.310080915689468,0.93538224697113,0.249463722109795,0.104125209152699,0.0567674227058887
147,2017,South Sudan,Sub-Saharan Africa,3.59100008010864,0.39724862575531,0.163486003875732,0.601323127746582,0.147062435746193,0.285670816898346,0.116793513298035
148,2017,Liberia,Sub-Saharan Africa,3.53299999237061,0.119041793048382,0.229918196797371,0.872117936611176,0.332881182432175,0.26654988527298,0.0389482490718365
149,2017,Guinea,Sub-Saharan Africa,3.50699996948242,0.244549930095673,0.194129139184952,0.791244685649872,0.348587512969971,0.264815092086792,0.110937617719173
150,2017,Togo,Sub-Saharan Africa,3.49499988555908,0.305444717407227,0.247105568647385,0.431882530450821,0.38042613863945,0.196896150708199,0.0956650152802467
151,2017,Rwanda,Sub-Saharan Africa,3.47099995613098,0.368745893239975,0.326424807310104,0.945707023143768,0.581843852996826,0.252756029367447,0.455220013856888
152,2017,Syrian Arab Republic,Middle East and Northern Africa,3.46199989318848,0.777153134346008,0.50053334236145,0.396102607250214,0.0815394446253777,0.493663728237152,0.151347130537033
153,2017,"Tanzania, United Republic of",Sub-Saharan Africa,3.34899997711182,0.511135876178741,0.364509284496307,1.04198980331421,0.390017777681351,0.354256361722946,0.0660351067781448
154,2017,Burundi,Sub-Saharan Africa,2.90499997138977,0.091622568666935,0.151610791683197,0.629793584346771,0.0599007532000542,0.204435184597969,0.0841479450464249
155,2017,Central African Republic,Sub-Saharan Africa,2.69300007820129,0.0,0.0187726859003305,0.0,0.270842045545578,0.280876487493515,0.0565650761127472
1,2018,Finland,Western Europe,7.632,1.305,0.874,1.592,0.681,0.202,0.393
2,2018,Norway,Western Europe,7.594,1.456,0.861,1.582,0.686,0.286,0.34
3,2018,Denmark,Western Europe,7.555,1.351,0.868,1.59,0.683,0.284,0.408
4,2018,Iceland,Western Europe,7.495,1.343,0.914,1.644,0.677,0.353,0.138
5,2018,Switzerland,Western Europe,7.487,1.42,0.927,1.549,0.66,0.256,0.357
6,2018,Netherlands,Western Europe,7.441,1.361,0.878,1.488,0.638,0.333,0.295
7,2018,Canada,North America,7.328,1.33,0.896,1.532,0.653,0.321,0.291
8,2018,New Zealand,Australia and New Zealand,7.324,1.268,0.876,1.601,0.669,0.365,0.389
9,2018,Sweden,Western Europe,7.314,1.355,0.913,1.501,0.659,0.285,0.383
10,2018,Australia,Australia and New Zealand,7.272,1.34,0.91,1.573,0.647,0.361,0.302
11,2018,United Kingdom,Western Europe,7.19,1.244,0.888,1.433,0.464,0.262,0.082
12,2018,Austria,Western Europe,7.139,1.341,0.891,1.504,0.617,0.242,0.224
13,2018,Costa Rica,Latin America and Caribbean,7.072,1.01,0.817,1.459,0.632,0.143,0.101
14,2018,Ireland,Western Europe,6.977,1.448,0.876,1.583,0.614,0.307,0.306
15,2018,Germany,Western Europe,6.965,1.34,0.861,1.474,0.586,0.273,0.28
16,2018,Belgium,Western Europe,6.927,1.324,0.894,1.483,0.583,0.188,0.24
17,2018,Luxembourg,Western Europe,6.91,1.576,0.896,1.52,0.632,0.196,0.321
18,2018,United States,North America,6.886,1.398,0.819,1.471,0.547,0.291,0.133
19,2018,Israel,Middle East and Northern Africa,6.814,1.301,0.883,1.559,0.533,0.354,0.272
20,2018,United Arab Emirates,Middle East and Northern Africa,6.774,2.096,0.67,0.776,0.284,0.186,
21,2018,Czechia,Central and Eastern Europe,6.711,1.233,0.854,1.489,0.543,0.064,0.034
22,2018,Malta,Western Europe,6.627,1.27,0.884,1.525,0.645,0.376,0.142
23,2018,France,Western Europe,6.489,1.293,0.908,1.466,0.52,0.098,0.176
24,2018,Mexico,Latin America and Caribbean,6.488,1.038,0.761,1.252,0.479,0.069,0.095
25,2018,Chile,Latin America and Caribbean,6.476,1.131,0.808,1.331,0.431,0.197,0.061
26,2018,"Taiwan, Province of China",Eastern Asia,6.441,1.365,0.857,1.436,0.418,0.151,0.078
27,2018,Panama,Latin America and Caribbean,6.43,1.112,0.759,1.438,0.597,0.125,0.063
28,2018,Brazil,Latin America and Caribbean,6.419,0.986,0.675,1.474,0.493,0.11,0.088
29,2018,Argentina,Latin America and Caribbean,6.388,1.073,0.744,1.468,0.57,0.062,0.054
30,2018,Guatemala,Latin America and Caribbean,6.382,0.781,0.608,1.268,0.604,0.179,0.071
31,2018,Uruguay,Latin America and Caribbean,6.379,1.093,0.771,1.459,0.625,0.13,0.155
32,2018,Qatar,Middle East and Northern Africa,6.374,1.649,0.748,1.303,0.654,0.256,0.171
33,2018,Saudi Arabia,Middle East and Northern Africa,6.371,1.379,0.633,1.331,0.509,0.098,0.127
34,2018,Singapore,Southeastern Asia,6.343,1.529,1.008,1.451,0.631,0.261,0.457
35,2018,Malaysia,Southeastern Asia,6.322,1.161,0.669,1.258,0.356,0.311,0.059
36,2018,Spain,Western Europe,6.31,1.251,0.965,1.538,0.449,0.142,0.074
37,2018,Colombia,Latin America and Caribbean,6.26,0.96,0.635,1.439,0.531,0.099,0.039
38,2018,Trinidad and Tobago,Latin America and Caribbean,6.192,1.223,0.564,1.492,0.575,0.171,0.019
39,2018,Slovakia,Central and Eastern Europe,6.173,1.21,0.776,1.537,0.354,0.118,0.014
40,2018,El Salvador,Latin America and Caribbean,6.167,0.806,0.639,1.231,0.461,0.065,0.082
41,2018,Nicaragua,Latin America and Caribbean,6.141,0.668,0.7,1.319,0.527,0.208,0.128
42,2018,Poland,Central and Eastern Europe,6.123,1.176,0.781,1.448,0.546,0.108,0.064
43,2018,Bahrain,Middle East and Northern Africa,6.105,1.338,0.698,1.366,0.594,0.243,0.123
44,2018,Uzbekistan,Central and Eastern Europe,6.096,0.719,0.605,1.584,0.724,0.328,0.259
45,2018,Kuwait,Middle East and Northern Africa,6.083,1.474,0.675,1.301,0.554,0.167,0.106
46,2018,Thailand,Southeastern Asia,6.072,1.016,0.707,1.417,0.637,0.364,0.029
47,2018,Italy,Western Europe,6.0,1.264,0.946,1.501,0.281,0.137,0.028
48,2018,Ecuador,Latin America and Caribbean,5.973,0.889,0.736,1.33,0.556,0.114,0.12
49,2018,Belize,Latin America and Caribbean,5.956,0.807,0.474,1.101,0.593,0.183,0.089
50,2018,Lithuania,Central and Eastern Europe,5.952,1.197,0.716,1.527,0.35,0.026,0.006
51,2018,Slovenia,Central and Eastern Europe,5.948,1.219,0.856,1.506,0.633,0.16,0.051
52,2018,Romania,Central and Eastern Europe,5.945,1.116,0.726,1.219,0.528,0.088,0.001
53,2018,Latvia,Central and Eastern Europe,5.933,1.148,0.671,1.454,0.363,0.092,0.066
54,2018,Japan,Eastern Asia,5.915,1.294,0.988,1.462,0.553,0.079,0.15
55,2018,Mauritius,Sub-Saharan Africa,5.891,1.09,0.684,1.387,0.584,0.245,0.05
56,2018,Jamaica,Latin America and Caribbean,5.89,0.819,0.693,1.493,0.575,0.096,0.031
57,2018,"Korea, Republic of",Eastern Asia,5.875,1.266,0.955,1.204,0.244,0.175,0.051
58,2018,Cyprus,Middle East and Northern Africa,5.835,1.229,0.909,1.211,0.495,0.179,0.154
59,2018,Russia,Central and Eastern Europe,5.81,1.151,0.599,1.479,0.399,0.065,0.025
60,2018,Kazakhstan,Central and Eastern Europe,5.79,1.143,0.631,1.516,0.454,0.148,0.121
61,2018,Cyprus,Western Europe,5.762,1.229,0.909,1.191,0.423,0.202,0.035
62,2018,"Bolivia, Plurinational State of",Latin America and Caribbean,5.752,0.751,0.508,1.223,0.606,0.141,0.054
63,2018,Estonia,Central and Eastern Europe,5.739,1.2,0.737,1.532,0.553,0.086,0.174
64,2018,Paraguay,Latin America and Caribbean,5.681,0.835,0.615,1.522,0.541,0.162,0.074
65,2018,Peru,Latin America and Caribbean,5.663,0.934,0.674,1.249,0.53,0.092,0.034
66,2018,Kosovo,Central and Eastern Europe,5.662,0.855,0.578,1.23,0.448,0.274,0.023
67,2018,"Moldova, Republic of",Central and Eastern Europe,5.64,0.657,0.62,1.301,0.232,0.171,0.0
68,2018,Turkmenistan,Central and Eastern Europe,5.636,1.016,0.517,1.533,0.417,0.199,0.037
69,2018,Hungary,Central and Eastern Europe,5.62,1.171,0.732,1.401,0.259,0.061,0.022
70,2018,Libya,Middle East and Northern Africa,5.566,0.985,0.553,1.35,0.496,0.116,0.148
71,2018,Philippines,Southeastern Asia,5.524,0.775,0.513,1.312,0.643,0.12,0.105
72,2018,Honduras,Latin America and Caribbean,5.504,0.62,0.622,1.205,0.459,0.197,0.074
73,2018,Belarus,Central and Eastern Europe,5.483,1.039,0.7,1.498,0.307,0.101,0.154
74,2018,Turkey,Middle East and Northern Africa,5.483,1.148,0.686,1.38,0.324,0.106,0.109
75,2018,Pakistan,Southern Asia,5.472,0.652,0.424,0.81,0.334,0.216,0.113
76,2018,Hong Kong,Eastern Asia,5.43,1.405,1.03,1.29,0.524,0.246,0.291
77,2018,Portugal,Western Europe,5.41,1.188,0.884,1.429,0.562,0.055,0.017
78,2018,Serbia,Central and Eastern Europe,5.398,0.975,0.685,1.369,0.288,0.134,0.043
79,2018,Greece,Western Europe,5.358,1.154,0.879,1.202,0.131,0.0,0.044
80,2018,Lebanon,Middle East and Northern Africa,5.358,0.965,0.785,1.179,0.503,0.214,0.136
81,2018,Montenegro,Central and Eastern Europe,5.347,1.017,0.729,1.279,0.259,0.111,0.081
82,2018,Croatia,Central and Eastern Europe,5.321,1.115,0.737,1.161,0.38,0.12,0.039
83,2018,Dominican Republic,Latin America and Caribbean,5.302,0.982,0.614,1.441,0.578,0.12,0.106
84,2018,Algeria,Middle East and Northern Africa,5.295,0.979,0.687,1.154,0.077,0.055,0.135
85,2018,Morocco,Middle East and Northern Africa,5.254,0.779,0.669,0.797,0.46,0.026,0.074
86,2018,China,Eastern Asia,5.246,0.989,0.799,1.142,0.597,0.029,0.103
87,2018,Azerbaijan,Central and Eastern Europe,5.201,1.024,0.603,1.161,0.43,0.031,0.176
88,2018,Tajikistan,Central and Eastern Europe,5.199,0.474,0.598,1.166,0.292,0.187,0.034
89,2018,Macedonia,Central and Eastern Europe,5.185,0.959,0.691,1.239,0.394,0.173,0.052
90,2018,Jordan,Middle East and Northern Africa,5.161,0.822,0.645,1.265,0.468,0.13,0.134
91,2018,Nigeria,Sub-Saharan Africa,5.155,0.689,0.048,1.172,0.462,0.201,0.032
92,2018,Kyrgyzstan,Central and Eastern Europe,5.131,0.53,0.594,1.416,0.54,0.281,0.035
93,2018,Bosnia and Herzegovina,Central and Eastern Europe,5.129,0.915,0.758,1.078,0.28,0.216,0.0
94,2018,Mongolia,Eastern Asia,5.125,0.914,0.575,1.517,0.395,0.253,0.032
95,2018,Viet Nam,Southeastern Asia,5.103,0.715,0.702,1.365,0.618,0.177,0.079
96,2018,Indonesia,Southeastern Asia,5.093,0.899,0.522,1.215,0.538,0.484,0.018
97,2018,Bhutan,Southern Asia,5.082,0.796,0.527,1.335,0.541,0.364,0.171
98,2018,Somalia,Sub-Saharan Africa,4.982,0.0,0.115,0.712,0.674,0.238,0.282
99,2018,Cameroon,Sub-Saharan Africa,4.975,0.535,0.182,0.891,0.454,0.183,0.043
100,2018,Bulgaria,Central and Eastern Europe,4.933,1.054,0.712,1.515,0.359,0.064,0.009
101,2018,Nepal,Southern Asia,4.88,0.425,0.539,1.228,0.526,0.302,0.078
102,2018,"Venezuela, Bolivarian Republic of",Latin America and Caribbean,4.806,0.996,0.657,1.469,0.133,0.056,0.052
103,2018,Gabon,Sub-Saharan Africa,4.758,1.036,0.404,1.164,0.356,0.032,0.052
104,2018,Palestinian Territories,Middle East and Northern Africa,4.743,0.642,0.602,1.217,0.266,0.086,0.076
105,2018,South Africa,Sub-Saharan Africa,4.724,0.94,0.33,1.41,0.516,0.103,0.056
106,2018,"Iran, Islamic Republic of",Middle East and Northern Africa,4.707,1.059,0.691,0.771,0.459,0.282,0.129
107,2018,Ivory Coast,Sub-Saharan Africa,4.671,0.541,0.08,0.872,0.467,0.146,0.103
108,2018,Ghana,Sub-Saharan Africa,4.657,0.592,0.337,0.896,0.499,0.212,0.029
109,2018,Senegal,Sub-Saharan Africa,4.631,0.429,0.433,1.117,0.406,0.138,0.082
110,2018,Lao People's Democratic Republic,Southeastern Asia,4.623,0.72,0.441,1.034,0.626,0.23,0.174
111,2018,Tunisia,Middle East and Northern Africa,4.592,0.9,0.69,0.906,0.271,0.04,0.063
112,2018,Albania,Central and Eastern Europe,4.586,0.916,0.79,0.817,0.419,0.149,0.032
113,2018,Sierra Leone,Sub-Saharan Africa,4.571,0.256,0.0,0.813,0.355,0.238,0.053
114,2018,Congo (Brazzaville),Sub-Saharan Africa,4.559,0.682,0.343,0.811,0.514,0.091,0.077
115,2018,Bangladesh,Southern Asia,4.5,0.532,0.579,0.85,0.58,0.153,0.144
116,2018,Sri Lanka,Southern Asia,4.471,0.918,0.672,1.314,0.585,0.307,0.05
117,2018,Iraq,Middle East and Northern Africa,4.456,1.01,0.536,0.971,0.304,0.148,0.095
118,2018,Mali,Sub-Saharan Africa,4.447,0.37,0.152,1.233,0.367,0.139,0.056
119,2018,Namibia,Sub-Saharan Africa,4.441,0.874,0.365,1.281,0.519,0.051,0.064
120,2018,Cambodia,Southeastern Asia,4.433,0.549,0.457,1.088,0.696,0.256,0.065
121,2018,Burkina Faso,Sub-Saharan Africa,4.424,0.314,0.254,1.097,0.312,0.175,0.128
122,2018,Egypt,Middle East and Northern Africa,4.419,0.885,0.553,1.025,0.312,0.092,0.107
123,2018,Mozambique,Sub-Saharan Africa,4.417,0.198,0.173,0.902,0.531,0.206,0.158
124,2018,Kenya,Sub-Saharan Africa,4.41,0.493,0.454,1.048,0.504,0.352,0.055
125,2018,Zambia,Sub-Saharan Africa,4.377,0.562,0.295,1.047,0.503,0.221,0.082
126,2018,Mauritania,Sub-Saharan Africa,4.356,0.557,0.292,1.245,0.129,0.134,0.093
127,2018,Ethiopia,Sub-Saharan Africa,4.35,0.308,0.391,0.95,0.452,0.22,0.146
128,2018,Georgia,Central and Eastern Europe,4.34,0.853,0.643,0.592,0.375,0.038,0.215
129,2018,Armenia,Central and Eastern Europe,4.321,0.816,0.666,0.99,0.26,0.077,0.028
130,2018,Myanmar,Southeastern Asia,4.308,0.682,0.429,1.174,0.58,0.598,0.178
131,2018,Chad,Sub-Saharan Africa,4.301,0.358,0.053,0.907,0.189,0.181,0.06
132,2018,Congo (Kinshasa),Sub-Saharan Africa,4.245,0.069,0.204,1.136,0.312,0.197,0.052
133,2018,India,Southern Asia,4.19,0.721,0.485,0.747,0.539,0.172,0.093
134,2018,Niger,Sub-Saharan Africa,4.166,0.131,0.221,0.867,0.39,0.175,0.099
135,2018,Uganda,Sub-Saharan Africa,4.161,0.322,0.237,1.09,0.45,0.259,0.061
136,2018,Benin,Sub-Saharan Africa,4.141,0.378,0.24,0.372,0.44,0.163,0.067
137,2018,Sudan,Sub-Saharan Africa,4.139,0.605,0.312,1.24,0.016,0.134,0.082
138,2018,Ukraine,Central and Eastern Europe,4.103,0.793,0.609,1.413,0.163,0.187,0.011
139,2018,Togo,Sub-Saharan Africa,3.999,0.259,0.253,0.474,0.434,0.158,0.101
140,2018,Guinea,Sub-Saharan Africa,3.964,0.344,0.211,0.792,0.394,0.185,0.094
141,2018,Lesotho,Sub-Saharan Africa,3.808,0.472,0.079,1.215,0.423,0.116,0.112
142,2018,Angola,Sub-Saharan Africa,3.795,0.73,0.269,1.125,0.0,0.079,0.061
143,2018,Madagascar,Sub-Saharan Africa,3.774,0.262,0.402,0.908,0.221,0.155,0.049
144,2018,Zimbabwe,Sub-Saharan Africa,3.692,0.357,0.248,1.094,0.406,0.132,0.099
145,2018,Afghanistan,Southern Asia,3.632,0.332,0.255,0.537,0.085,0.191,0.036
146,2018,Botswana,Sub-Saharan Africa,3.59,1.017,0.417,1.174,0.557,0.042,0.092
147,2018,Malawi,Sub-Saharan Africa,3.587,0.186,0.306,0.541,0.531,0.21,0.08
148,2018,Haiti,Latin America and Caribbean,3.582,0.315,0.289,0.714,0.025,0.392,0.104
149,2018,Liberia,Sub-Saharan Africa,3.495,0.076,0.267,0.858,0.419,0.206,0.03
150,2018,Syrian Arab Republic,Middle East and Northern Africa,3.462,0.689,0.539,0.382,0.088,0.376,0.144
151,2018,Rwanda,Sub-Saharan Africa,3.408,0.332,0.4,0.896,0.636,0.2,0.444
152,2018,Yemen,Middle East and Northern Africa,3.355,0.442,0.343,1.073,0.244,0.083,0.064
153,2018,"Tanzania, United Republic of",Sub-Saharan Africa,3.303,0.455,0.381,0.991,0.481,0.27,0.097
154,2018,South Sudan,Sub-Saharan Africa,3.254,0.337,0.177,0.608,0.112,0.224,0.106
155,2018,Central African Republic,Sub-Saharan Africa,3.083,0.024,0.01,0.0,0.305,0.218,0.038
156,2018,Burundi,Sub-Saharan Africa,2.905,0.091,0.145,0.627,0.065,0.149,0.076
1,2019,Finland,Western Europe,7.769,1.34,0.986,1.587,0.596,0.153,0.393
2,2019,Denmark,Western Europe,7.6,1.383,0.996,1.573,0.592,0.252,0.41
3,2019,Norway,Western Europe,7.554,1.488,1.028,1.582,0.603,0.271,0.341
4,2019,Iceland,Western Europe,7.494,1.38,1.026,1.624,0.591,0.354,0.118
5,2019,Netherlands,Western Europe,7.488,1.396,0.999,1.522,0.557,0.322,0.298
6,2019,Switzerland,Western Europe,7.48,1.452,1.052,1.526,0.572,0.263,0.343
7,2019,Sweden,Western Europe,7.343,1.387,1.009,1.487,0.574,0.267,0.373
8,2019,New Zealand,Australia and New Zealand,7.307,1.303,1.026,1.557,0.585,0.33,0.38
9,2019,Canada,North America,7.278,1.365,1.039,1.505,0.584,0.285,0.308
10,2019,Austria,Western Europe,7.246,1.376,1.016,1.475,0.532,0.244,0.226
11,2019,Australia,Australia and New Zealand,7.228,1.372,1.036,1.548,0.557,0.332,0.29
12,2019,Costa Rica,Latin America and Caribbean,7.167,1.034,0.963,1.441,0.558,0.144,0.093
13,2019,Israel,Middle East and Northern Africa,7.139,1.276,1.029,1.455,0.371,0.261,0.082
14,2019,Luxembourg,Western Europe,7.09,1.609,1.012,1.479,0.526,0.194,0.316
15,2019,United Kingdom,Western Europe,7.054,1.333,0.996,1.538,0.45,0.348,0.278
16,2019,Ireland,Western Europe,7.021,1.499,0.999,1.553,0.516,0.298,0.31
17,2019,Germany,Western Europe,6.985,1.373,0.987,1.454,0.495,0.261,0.265
18,2019,Belgium,Western Europe,6.923,1.356,0.986,1.504,0.473,0.16,0.21
19,2019,United States,North America,6.892,1.433,0.874,1.457,0.454,0.28,0.128
20,2019,Czechia,Central and Eastern Europe,6.852,1.269,0.92,1.487,0.457,0.046,0.036
21,2019,United Arab Emirates,Middle East and Northern Africa,6.825,1.503,0.825,1.31,0.598,0.262,0.182
22,2019,Malta,Western Europe,6.726,1.3,0.999,1.52,0.564,0.375,0.151
23,2019,Mexico,Latin America and Caribbean,6.595,1.07,0.861,1.323,0.433,0.074,0.073
24,2019,France,Western Europe,6.592,1.324,1.045,1.472,0.436,0.111,0.183
25,2019,"Taiwan, Province of China",Eastern Asia,6.446,1.368,0.914,1.43,0.351,0.242,0.097
26,2019,Chile,Latin America and Caribbean,6.444,1.159,0.92,1.369,0.357,0.187,0.056
27,2019,Guatemala,Latin America and Caribbean,6.436,0.8,0.746,1.269,0.535,0.175,0.078
28,2019,Saudi Arabia,Middle East and Northern Africa,6.375,1.403,0.795,1.357,0.439,0.08,0.132
29,2019,Qatar,Middle East and Northern Africa,6.374,1.684,0.871,1.313,0.555,0.22,0.167
30,2019,Spain,Western Europe,6.354,1.286,1.062,1.484,0.362,0.153,0.079
31,2019,Panama,Latin America and Caribbean,6.321,1.149,0.91,1.442,0.516,0.109,0.054
32,2019,Brazil,Latin America and Caribbean,6.3,1.004,0.802,1.439,0.39,0.099,0.086
33,2019,Uruguay,Latin America and Caribbean,6.293,1.124,0.891,1.465,0.523,0.127,0.15
34,2019,Singapore,Southeastern Asia,6.262,1.572,1.141,1.463,0.556,0.271,0.453
35,2019,El Salvador,Latin America and Caribbean,6.253,0.794,0.789,1.242,0.43,0.093,0.074
36,2019,Italy,Western Europe,6.223,1.294,1.039,1.488,0.231,0.158,0.03
37,2019,Bahrain,Middle East and Northern Africa,6.199,1.362,0.871,1.368,0.536,0.255,0.11
38,2019,Slovakia,Central and Eastern Europe,6.198,1.246,0.881,1.504,0.334,0.121,0.014
39,2019,Trinidad and Tobago,Latin America and Caribbean,6.192,1.231,0.713,1.477,0.489,0.185,0.016
40,2019,Poland,Central and Eastern Europe,6.182,1.206,0.884,1.438,0.483,0.117,0.05
41,2019,Uzbekistan,Central and Eastern Europe,6.174,0.745,0.756,1.529,0.631,0.322,0.24
42,2019,Lithuania,Central and Eastern Europe,6.149,1.238,0.818,1.515,0.291,0.043,0.042
43,2019,Colombia,Latin America and Caribbean,6.125,0.985,0.841,1.41,0.47,0.099,0.034
44,2019,Slovenia,Central and Eastern Europe,6.118,1.258,0.953,1.523,0.564,0.144,0.057
45,2019,Nicaragua,Latin America and Caribbean,6.105,0.694,0.835,1.325,0.435,0.2,0.127
46,2019,Kosovo,Central and Eastern Europe,6.1,0.882,0.758,1.232,0.489,0.262,0.006
47,2019,Argentina,Latin America and Caribbean,6.086,1.092,0.881,1.432,0.471,0.066,0.05
48,2019,Romania,Central and Eastern Europe,6.07,1.162,0.825,1.232,0.462,0.083,0.005
49,2019,Cyprus,Western Europe,6.046,1.263,1.042,1.223,0.406,0.19,0.041
50,2019,Ecuador,Latin America and Caribbean,6.028,0.912,0.868,1.312,0.498,0.126,0.087
51,2019,Kuwait,Middle East and Northern Africa,6.021,1.5,0.808,1.319,0.493,0.142,0.097
52,2019,Thailand,Southeastern Asia,6.008,1.05,0.828,1.409,0.557,0.359,0.028
53,2019,Latvia,Central and Eastern Europe,5.94,1.187,0.812,1.465,0.264,0.075,0.064
54,2019,"Korea, Republic of",Eastern Asia,5.895,1.301,1.036,1.219,0.159,0.175,0.056
55,2019,Estonia,Central and Eastern Europe,5.893,1.237,0.874,1.528,0.495,0.103,0.161
56,2019,Jamaica,Latin America and Caribbean,5.89,0.831,0.831,1.478,0.49,0.107,0.028
57,2019,Mauritius,Sub-Saharan Africa,5.888,1.12,0.798,1.402,0.498,0.215,0.06
58,2019,Japan,Eastern Asia,5.886,1.327,1.088,1.419,0.445,0.069,0.14
59,2019,Honduras,Latin America and Caribbean,5.86,0.642,0.828,1.236,0.507,0.246,0.078
60,2019,Kazakhstan,Central and Eastern Europe,5.809,1.173,0.729,1.508,0.41,0.146,0.096
61,2019,"Bolivia, Plurinational State of",Latin America and Caribbean,5.779,0.776,0.706,1.209,0.511,0.137,0.064
62,2019,Hungary,Central and Eastern Europe,5.758,1.201,0.828,1.41,0.199,0.081,0.02
63,2019,Paraguay,Latin America and Caribbean,5.743,0.855,0.777,1.475,0.514,0.184,0.08
64,2019,Cyprus,Middle East and Northern Africa,5.718,1.263,1.042,1.252,0.417,0.191,0.162
65,2019,Peru,Latin America and Caribbean,5.697,0.96,0.854,1.274,0.455,0.083,0.027
66,2019,Portugal,Western Europe,5.693,1.221,0.999,1.431,0.508,0.047,0.025
67,2019,Pakistan,Southern Asia,5.653,0.677,0.535,0.886,0.313,0.22,0.098
68,2019,Russia,Central and Eastern Europe,5.648,1.183,0.726,1.452,0.334,0.082,0.031
69,2019,Philippines,Southeastern Asia,5.631,0.807,0.657,1.293,0.558,0.117,0.107
70,2019,Serbia,Central and Eastern Europe,5.603,1.004,0.854,1.383,0.282,0.137,0.039
71,2019,"Moldova, Republic of",Central and Eastern Europe,5.529,0.685,0.739,1.328,0.245,0.181,0.0
72,2019,Libya,Middle East and Northern Africa,5.525,1.044,0.673,1.303,0.416,0.133,0.152
73,2019,Montenegro,Central and Eastern Europe,5.523,1.051,0.871,1.361,0.197,0.142,0.08
74,2019,Tajikistan,Central and Eastern Europe,5.467,0.493,0.718,1.098,0.389,0.23,0.144
75,2019,Croatia,Central and Eastern Europe,5.432,1.155,0.914,1.266,0.296,0.119,0.022
76,2019,Hong Kong,Eastern Asia,5.43,1.438,1.122,1.277,0.44,0.258,0.287
77,2019,Dominican Republic,Latin America and Caribbean,5.425,1.015,0.779,1.401,0.497,0.113,0.101
78,2019,Bosnia and Herzegovina,Central and Eastern Europe,5.386,0.945,0.845,1.212,0.212,0.263,0.006
79,2019,Turkey,Middle East and Northern Africa,5.373,1.183,0.808,1.36,0.195,0.083,0.106
80,2019,Malaysia,Southeastern Asia,5.339,1.221,0.828,1.171,0.508,0.26,0.024
81,2019,Belarus,Central and Eastern Europe,5.323,1.067,0.789,1.465,0.235,0.094,0.142
82,2019,Greece,Western Europe,5.287,1.181,0.999,1.156,0.067,0.0,0.034
83,2019,Mongolia,Eastern Asia,5.285,0.948,0.667,1.531,0.317,0.235,0.038
84,2019,North Macedonia,Central and Eastern Europe,5.274,0.983,0.838,1.294,0.345,0.185,0.034
85,2019,Nigeria,Sub-Saharan Africa,5.265,0.696,0.245,1.111,0.426,0.215,0.041
86,2019,Kyrgyzstan,Central and Eastern Europe,5.261,0.551,0.723,1.438,0.508,0.3,0.023
87,2019,Turkmenistan,Central and Eastern Europe,5.247,1.052,0.657,1.538,0.394,0.244,0.028
88,2019,Algeria,Middle East and Northern Africa,5.211,1.002,0.785,1.16,0.086,0.073,0.114
89,2019,Morocco,Middle East and Northern Africa,5.208,0.801,0.782,0.782,0.418,0.036,0.076
90,2019,Azerbaijan,Central and Eastern Europe,5.208,1.043,0.769,1.147,0.351,0.035,0.182
91,2019,Lebanon,Middle East and Northern Africa,5.197,0.987,0.815,1.224,0.216,0.166,0.027
92,2019,Indonesia,Southeastern Asia,5.192,0.931,0.66,1.203,0.491,0.498,0.028
93,2019,China,Eastern Asia,5.191,1.029,0.893,1.125,0.521,0.058,0.1
94,2019,Viet Nam,Southeastern Asia,5.175,0.741,0.851,1.346,0.543,0.147,0.073
95,2019,Bhutan,Southern Asia,5.082,0.813,0.604,1.321,0.457,0.37,0.167
96,2019,Cameroon,Sub-Saharan Africa,5.044,0.549,0.331,0.91,0.381,0.187,0.037
97,2019,Bulgaria,Central and Eastern Europe,5.011,1.092,0.815,1.513,0.311,0.081,0.004
98,2019,Ghana,Sub-Saharan Africa,4.996,0.611,0.486,0.868,0.381,0.245,0.04
99,2019,Ivory Coast,Sub-Saharan Africa,4.944,0.569,0.232,0.808,0.352,0.154,0.09
100,2019,Nepal,Southern Asia,4.913,0.446,0.677,1.226,0.439,0.285,0.089
101,2019,Jordan,Middle East and Northern Africa,4.906,0.837,0.815,1.225,0.383,0.11,0.13
102,2019,Benin,Sub-Saharan Africa,4.883,0.393,0.397,0.437,0.349,0.175,0.082
103,2019,Congo (Brazzaville),Sub-Saharan Africa,4.812,0.673,0.508,0.799,0.372,0.105,0.093
104,2019,Gabon,Sub-Saharan Africa,4.799,1.057,0.571,1.183,0.295,0.043,0.055
105,2019,Lao People's Democratic Republic,Southeastern Asia,4.796,0.764,0.551,1.03,0.547,0.266,0.164
106,2019,South Africa,Sub-Saharan Africa,4.722,0.96,0.469,1.351,0.389,0.13,0.055
107,2019,Albania,Central and Eastern Europe,4.719,0.947,0.874,0.848,0.383,0.178,0.027
108,2019,"Venezuela, Bolivarian Republic of",Latin America and Caribbean,4.707,0.96,0.805,1.427,0.154,0.064,0.047
109,2019,Cambodia,Southeastern Asia,4.7,0.574,0.637,1.122,0.609,0.232,0.062
110,2019,Palestinian Territories,Middle East and Northern Africa,4.696,0.657,0.672,1.247,0.225,0.103,0.066
111,2019,Senegal,Sub-Saharan Africa,4.681,0.45,0.571,1.134,0.292,0.153,0.072
112,2019,Somalia,Sub-Saharan Africa,4.668,0.0,0.268,0.698,0.559,0.243,0.27
113,2019,Namibia,Sub-Saharan Africa,4.639,0.879,0.477,1.313,0.401,0.07,0.056
114,2019,Niger,Sub-Saharan Africa,4.628,0.138,0.366,0.774,0.318,0.188,0.102
115,2019,Burkina Faso,Sub-Saharan Africa,4.587,0.331,0.38,1.056,0.255,0.177,0.113
116,2019,Armenia,Central and Eastern Europe,4.559,0.85,0.815,1.055,0.283,0.095,0.064
117,2019,"Iran, Islamic Republic of",Middle East and Northern Africa,4.548,1.1,0.785,0.842,0.305,0.27,0.125
118,2019,Guinea,Sub-Saharan Africa,4.534,0.38,0.375,0.829,0.332,0.207,0.086
119,2019,Georgia,Central and Eastern Europe,4.519,0.886,0.752,0.666,0.346,0.043,0.164
120,2019,Gambia,Sub-Saharan Africa,4.516,0.308,0.428,0.939,0.382,0.269,0.167
121,2019,Kenya,Sub-Saharan Africa,4.509,0.512,0.581,0.983,0.431,0.372,0.053
122,2019,Mauritania,Sub-Saharan Africa,4.49,0.57,0.489,1.167,0.066,0.106,0.088
123,2019,Mozambique,Sub-Saharan Africa,4.466,0.204,0.39,0.986,0.494,0.197,0.138
124,2019,Tunisia,Middle East and Northern Africa,4.461,0.921,0.815,1.0,0.167,0.059,0.055
125,2019,Bangladesh,Southern Asia,4.456,0.562,0.723,0.928,0.527,0.166,0.143
126,2019,Iraq,Middle East and Northern Africa,4.437,1.043,0.574,0.98,0.241,0.148,0.089
127,2019,Congo (Kinshasa),Sub-Saharan Africa,4.418,0.094,0.357,1.125,0.269,0.212,0.053
128,2019,Mali,Sub-Saharan Africa,4.39,0.385,0.308,1.105,0.327,0.153,0.052
129,2019,Sierra Leone,Sub-Saharan Africa,4.374,0.268,0.242,0.841,0.309,0.252,0.045
130,2019,Sri Lanka,Southern Asia,4.366,0.949,0.831,1.265,0.47,0.244,0.047
131,2019,Myanmar,Southeastern Asia,4.36,0.71,0.555,1.181,0.525,0.566,0.172
132,2019,Chad,Sub-Saharan Africa,4.35,0.35,0.192,0.766,0.174,0.198,0.078
133,2019,Ukraine,Central and Eastern Europe,4.332,0.82,0.739,1.39,0.178,0.187,0.01
134,2019,Ethiopia,Sub-Saharan Africa,4.286,0.336,0.532,1.033,0.344,0.209,0.1
135,2019,Swaziland,Sub-Saharan Africa,4.212,0.811,0.0,1.149,0.313,0.074,0.135
136,2019,Uganda,Sub-Saharan Africa,4.189,0.332,0.443,1.069,0.356,0.252,0.06
137,2019,Egypt,Middle East and Northern Africa,4.166,0.913,0.644,1.039,0.241,0.076,0.067
138,2019,Zambia,Sub-Saharan Africa,4.107,0.578,0.426,1.058,0.431,0.247,0.087
139,2019,Togo,Sub-Saharan Africa,4.085,0.275,0.41,0.572,0.293,0.177,0.085
140,2019,India,Southern Asia,4.015,0.755,0.588,0.765,0.498,0.2,0.085
141,2019,Liberia,Sub-Saharan Africa,3.975,0.073,0.443,0.922,0.37,0.233,0.033
142,2019,Comoros,Sub-Saharan Africa,3.973,0.274,0.505,0.757,0.142,0.275,0.078
143,2019,Madagascar,Sub-Saharan Africa,3.933,0.274,0.555,0.916,0.148,0.169,0.041
144,2019,Lesotho,Sub-Saharan Africa,3.802,0.489,0.168,1.169,0.359,0.107,0.093
145,2019,Burundi,Sub-Saharan Africa,3.775,0.046,0.38,0.447,0.22,0.176,0.18
146,2019,Zimbabwe,Sub-Saharan Africa,3.663,0.366,0.433,1.114,0.361,0.151,0.089
147,2019,Haiti,Latin America and Caribbean,3.597,0.323,0.449,0.688,0.026,0.419,0.11
148,2019,Botswana,Sub-Saharan Africa,3.488,1.041,0.538,1.145,0.455,0.025,0.1
149,2019,Syrian Arab Republic,Middle East and Northern Africa,3.462,0.619,0.44,0.378,0.013,0.331,0.141
150,2019,Malawi,Sub-Saharan Africa,3.41,0.191,0.495,0.56,0.443,0.218,0.089
151,2019,Yemen,Middle East and Northern Africa,3.38,0.287,0.463,1.163,0.143,0.108,0.077
152,2019,Rwanda,Sub-Saharan Africa,3.334,0.359,0.614,0.711,0.555,0.217,0.411
153,2019,"Tanzania, United Republic of",Sub-Saharan Africa,3.231,0.476,0.499,0.885,0.417,0.276,0.147
154,2019,Afghanistan,Southern Asia,3.203,0.35,0.361,0.517,0.0,0.158,0.025
155,2019,Central African Republic,Sub-Saharan Africa,3.083,0.026,0.105,0.0,0.225,0.235,0.035
156,2019,South Sudan,Sub-Saharan Africa,2.853,0.306,0.295,0.575,0.01,0.202,0.091
