country,year,total_pop,pop_density,age_pop,country_clean
Afghanistan,2015,33831763.5,52.10530097212981,15.4897428891074,Afghanistan
Afghanistan,2016,34700612.0,53.44344027993396,15.680542950693,Afghanistan
Afghanistan,2017,35688934.5,54.96558503363643,15.8682868006474,Afghanistan
Afghanistan,2018,36743039.0,56.58904259382469,16.0508418350762,Afghanistan
Afghanistan,2019,37856121.0,58.30333314851778,16.2342598253649,Afghanistan
Albania,2015,2898632.0,105.79721147529015,33.2859611745487,Albania
Albania,2016,2897866.5,105.76927147967004,33.593737856253,Albania
Albania,2017,2898242.5,105.78299510913206,33.9122376395787,Albania
Albania,2018,2894231.0,105.63657931235856,34.2828876720787,Albania
Albania,2019,2885009.5,105.30000364990146,34.7080287384976,Albania
Algeria,2015,40019529.0,16.802643865409323,26.583351483661,Algeria
Algeria,2016,40850721.0,17.151629061106586,26.8107673949373,Algeria
Algeria,2017,41689299.0,17.5037153509619,27.0239079376433,Algeria
Algeria,2018,42505035.0,17.846211173343857,27.2299526016092,Algeria
Algeria,2019,43294546.0,18.17769613811751,27.4311513055076,Algeria
American Samoa,2015,52878.0,264.39,24.214409168417,American Samoa
American Samoa,2016,52244.5,261.2225,24.7871097518145,American Samoa
American Samoa,2017,51586.0,257.93,25.3329690869086,American Samoa
American Samoa,2018,50908.5,254.5425,25.8304694829998,American Samoa
American Samoa,2019,50209.0,251.045,26.25126853916,American Samoa
Andorra,2015,72173.5,153.56063829787234,39.9393872980505,Andorra
Andorra,2016,72181.5,153.57765957446807,40.3664835579785,Andorra
Andorra,2017,73762.5,156.94148936170214,40.7994401246325,Andorra
Andorra,2018,75162.0,159.91914893617022,41.294396447353,Andorra
Andorra,2019,76473.5,162.7095744680851,41.7308972345425,Andorra
Angola,2015,28157798.0,22.58586508382129,16.2922570549676,Angola
Angola,2016,29183070.0,23.408253790005613,16.2789861591425,Angola
Angola,2017,30234839.0,24.251896205983797,16.2790480829288,Angola
Angola,2018,31297155.0,25.103998556188337,16.2850237392578,Angola
Angola,2019,32375632.5,25.96906432983075,16.3024183058205,Angola
Antigua and Barbuda,2015,89409.0,203.2022727272727,32.0823062627448,Antigua and Barbuda
Antigua and Barbuda,2016,89969.0,204.475,32.4978185635324,Antigua and Barbuda
Antigua and Barbuda,2017,90468.0,205.6090909090909,32.9335782834186,Antigua and Barbuda
Antigua and Barbuda,2018,90926.0,206.65,33.3810869652724,Antigua and Barbuda
Antigua and Barbuda,2019,91363.5,207.6443181818182,33.8295615856804,Antigua and Barbuda
Azerbaijan,2015,9752850.0,117.99039415422584,29.6253213296224,Azerbaijan
Azerbaijan,2016,9868428.0,119.3886617145346,29.8728908424326,Azerbaijan
Azerbaijan,2017,9968509.5,120.59945195867309,30.0671474189926,Azerbaijan
Azerbaijan,2018,10039784.5,121.46173994047764,30.3286898301364,Azerbaijan
Azerbaijan,2019,10110475.0,122.31695661641946,30.6988359262162,Azerbaijan
Argentina,2015,43477012.0,15.573055472972731,29.8605940337544,Argentina
Argentina,2016,43900313.5,15.724678076230116,30.0509735669142,Argentina
Argentina,2017,44288894.0,15.863863944895964,30.2575754366885,Argentina
Argentina,2018,44654881.5,15.994957214137065,30.4912478033279,Argentina
Argentina,2019,44973465.5,16.109070996951797,30.7625167966656,Argentina
Australia,2015,23948002.0,3.1172958619163533,36.2542288721404,Australia
Australia,2016,24329963.0,3.1670154771357537,36.2468671074585,Australia
Australia,2017,24731038.5,3.219223214401937,36.2682490182939,Australia
Australia,2018,25119705.5,3.2698157452846153,36.3517105489611,Australia
Australia,2019,25482714.0,3.3170683258919853,36.5427894519395,Australia
Austria,2015,8644038.5,104.752099516475,41.9973109706317,Austria
Austria,2016,8737915.5,105.88974054460184,42.0068190722829,Austria
Austria,2017,8798777.5,106.62729189641172,42.1147014848718,Austria
Austria,2018,8841650.5,107.14684496903745,42.2737889027906,Austria
Austria,2019,8880876.0,107.62219610029206,42.4327450486761,Austria
Bahamas,2015,385346.5,71.91983949234789,31.9218334459518,Bahamas
Bahamas,2016,388055.5,72.42543859649123,32.2407980022761,Bahamas
Bahamas,2017,390485.0,72.87887271369914,32.5728413546499,Bahamas
Bahamas,2018,392717.5,73.29553938036581,32.9111942182733,Bahamas
Bahamas,2019,394674.5,73.66078760731617,33.2472130481765,Bahamas
Bahrain,2015,1369650.0,1749.233716475096,30.0228081972449,Bahrain
Bahrain,2016,1429604.0,1825.8033205619413,30.1499604326107,Bahrain
Bahrain,2017,1481995.0,1892.7139208173692,30.3483936223534,Bahrain
Bahrain,2018,1497625.5,1912.676245210728,30.7314833084064,Bahrain
Bahrain,2019,1485670.5,1897.4080459770112,31.2099122747852,Bahrain
Bangladesh,2015,159383179.0,1224.423284935085,23.4573619559771,Bangladesh
Bangladesh,2016,160811932.5,1235.3993431666283,23.7742264450105,Bangladesh
Bangladesh,2017,162186146.5,1245.9564146884843,24.0227328054171,Bangladesh
Bangladesh,2018,163523103.5,1256.2272681877544,24.2010195099788,Bangladesh
Bangladesh,2019,164913055.0,1266.9052393024506,24.3799699433534,Bangladesh
Armenia,2015,2921177.5,102.62709035975269,32.714527181311,Armenia
Armenia,2016,2918792.5,102.54330030916245,33.0669361884418,Armenia
Armenia,2017,2914963.5,102.4087795109612,33.4450038007587,Armenia
Armenia,2018,2909964.5,102.23315415964024,33.9380822990374,Armenia
Armenia,2019,2903971.5,102.02260750421586,34.5248115724556,Armenia
Barbados,2015,278990.0,648.8139534883721,36.9516628935526,Barbados
Barbados,2016,279597.5,650.2267441860465,37.2013253535042,Barbados
Barbados,2017,280171.0,651.560465116279,37.4469290553573,Barbados
Barbados,2018,280710.5,652.8151162790698,37.6869684254737,Barbados
Barbados,2019,281207.5,653.9709302325581,37.9211322538314,Barbados
Belgium,2015,11275334.5,372.39363564304114,40.429147585621,Belgium
Belgium,2016,11332700.5,374.2882786181386,40.4921738694819,Belgium
Belgium,2017,11376580.5,375.73751568795825,40.5860201495273,Belgium
Belgium,2018,11428605.0,377.4557434440848,40.6629786757672,Belgium
Belgium,2019,11490618.0,379.50386419182246,40.7351331470827,Belgium
Bermuda,2015,63463.5,1175.25,42.3207354630317,Bermuda
Bermuda,2016,63448.5,1174.9722222222222,42.7331627464442,Bermuda
Bermuda,2017,63578.5,1177.3796296296296,43.1288562546645,Bermuda
Bermuda,2018,63831.0,1182.0555555555557,43.446350231057,Bermuda
Bermuda,2019,64107.0,1187.1666666666667,43.743794476991,Bermuda
Bhutan,2015,740618.0,19.28994113663593,24.9419574243015,Bhutan
Bhutan,2016,747866.0,19.478720633432307,25.3762647683745,Bhutan
Bhutan,2017,754334.5,19.647197478772725,25.879614763085,Bhutan
Bhutan,2018,759759.0,19.788482575402405,26.4605421020029,Bhutan
Bhutan,2019,764824.0,19.92040422982758,27.055254204606,Bhutan
Bolivia (Plurinational State of),2015,11014705.0,10.167761011061602,22.7503400937997,"Bolivia, Plurinational State of"
Bolivia (Plurinational State of),2016,11180019.5,10.320364129135408,23.0116186254635,"Bolivia, Plurinational State of"
Bolivia (Plurinational State of),2017,11344587.5,10.472278147174782,23.2732375047417,"Bolivia, Plurinational State of"
Bolivia (Plurinational State of),2018,11508368.0,10.623465217756534,23.5360645512876,"Bolivia, Plurinational State of"
Bolivia (Plurinational State of),2019,11671385.5,10.77394795702379,23.7999764302735,"Bolivia, Plurinational State of"
Bosnia and Herzegovina,2015,3518540.5,68.72552102662266,41.2008914310833,Bosnia and Herzegovina
Bosnia and Herzegovina,2016,3473003.0,67.83606461316093,41.7231669011358,Bosnia and Herzegovina
Bosnia and Herzegovina,2017,3428682.5,66.97037912377678,42.244548285594,Bosnia and Herzegovina
Bosnia and Herzegovina,2018,3387000.0,66.15622009102096,42.7712701934865,Bosnia and Herzegovina
Bosnia and Herzegovina,2019,3345533.0,65.34627028927476,43.2918482668368,Bosnia and Herzegovina
Botswana,2015,2203273.0,3.8876943165175657,21.6645130199765,Botswana
Botswana,2016,2234775.5,3.943280750974891,21.7189114708903,Botswana
Botswana,2017,2266747.0,3.999694739999647,21.8141356457428,Botswana
Botswana,2018,2299141.0,4.05685423393856,21.9442809155115,Botswana
Botswana,2019,2332083.0,4.114980678630036,22.1052063071653,Botswana
Brazil,2015,201675532.0,24.129235930482142,30.471444119968,Brazil
Brazil,2016,203218113.5,24.31379631114099,30.9194682855721,Brazil
Brazil,2017,204703445.0,24.49150708171914,31.3669873746466,Brazil
Brazil,2018,206107260.5,24.6594649646931,31.8128873305284,Brazil
Brazil,2019,207455459.5,24.820768675805866,32.2561694650033,Brazil
Belize,2015,356333.0,15.621788689171415,22.7442837990287,Belize
Belize,2016,364705.0,15.98882069267865,23.1393552858024,Belize
Belize,2017,373201.5,16.361310828583953,23.5338060795464,Belize
Belize,2018,380226.5,16.669289785181938,23.9012559515242,Belize
Belize,2019,385828.5,16.9148838228847,24.2731243534341,Belize
Solomon Islands,2015,639415.0,22.204993749131823,18.8855051990253,Solomon Islands
Solomon Islands,2016,662378.5,23.00244825670232,19.0063222595677,Solomon Islands
Solomon Islands,2017,685671.5,23.811345325739687,19.1529129923459,Solomon Islands
Solomon Islands,2018,709101.0,24.624982636477288,19.3284783241165,Solomon Islands
Solomon Islands,2019,728147.0,25.28639394360328,19.4823131056139,Solomon Islands
British Virgin Islands,2015,34497.5,224.00974025974023,33.8087179141551,"Virgin Islands, British"
British Virgin Islands,2016,33878.0,219.98701298701295,34.7171035476737,"Virgin Islands, British"
British Virgin Islands,2017,32698.999999999996,212.3311688311688,35.9083545681699,"Virgin Islands, British"
British Virgin Islands,2018,34657.0,225.04545454545453,35.825998099563,"Virgin Islands, British"
British Virgin Islands,2019,36394.5,236.32792207792207,35.8561358860625,"Virgin Islands, British"
Brunei Darussalam,2015,422211.5,73.23703382480485,28.4683552906554,Brunei Darussalam
Brunei Darussalam,2016,427564.0,74.16548135299219,28.8326922146952,Brunei Darussalam
Brunei Darussalam,2017,432772.0,75.06886383347788,29.2025095240372,Brunei Darussalam
Brunei Darussalam,2018,437809.5,75.942671292281,29.5780487703958,Brunei Darussalam
Brunei Darussalam,2019,442680.0,76.7875108412836,29.9598690558396,Brunei Darussalam
Bulgaria,2015,7177517.0,66.21569984132256,42.5272304142705,Bulgaria
Bulgaria,2016,7127434.0,65.7536624967711,42.7532849131521,Bulgaria
Bulgaria,2017,7075635.5,65.27579892246946,43.0095323007045,Bulgaria
Bulgaria,2018,7024745.5,64.80631665375105,43.3010791021539,Bulgaria
Bulgaria,2019,6975469.0,64.35171962065021,43.6277572414755,Bulgaria
Myanmar,2015,51089055.5,78.20272084372944,27.3511738178874,Myanmar
Myanmar,2016,51495696.0,78.825171057264,27.6313519280085,Myanmar
Myanmar,2017,51894938.0,79.43629628495768,27.900584162573,Myanmar
Myanmar,2018,52272246.5,80.01384760213688,28.170019607378,Myanmar
Myanmar,2019,52640713.0,80.57786434814554,28.4447781028108,Myanmar
Burundi,2015,11047580.0,425.72562620423895,15.4995446591535,Burundi
Burundi,2016,11239451.0,433.1194990366089,15.1230859910022,Burundi
Burundi,2017,11506762.0,443.42050096339113,14.9750104370724,Burundi
Burundi,2018,11859446.0,457.01140655105974,15.0332766439414,Burundi
Burundi,2019,12255336.5,472.26730250481694,15.1943066930544,Burundi
Belarus,2015,9487293.0,46.75616283081169,38.5300107590722,Belarus
Belarus,2016,9499063.5,46.81417130747622,38.6536994165322,Belarus
Belarus,2017,9495789.5,46.79803607510719,38.8151643976998,Belarus
Belarus,2018,9480031.0,46.72037356463457,39.0153030313039,Belarus
Belarus,2019,9435419.5,46.500515006653195,39.2884190638022,Belarus
Cambodia,2015,15623250.5,86.29961333443809,23.2145474216684,Cambodia
Cambodia,2016,15852803.0,87.56761399729334,23.5950661631381,Cambodia
Cambodia,2017,16073372.5,88.78599442096832,24.0063767919364,Cambodia
Cambodia,2018,16274521.5,89.89710000828569,24.4502049935849,Cambodia
Cambodia,2019,16481304.0,91.03932388764603,24.8420141016025,Cambodia
Cameroon,2015,22763414.5,48.84328827379037,17.1885990346795,Cameroon
Cameroon,2016,23454161.5,50.32541894646497,17.2489637208485,Cameroon
Cameroon,2017,24128601.0,51.7725587383328,17.2838419736876,Cameroon
Cameroon,2018,24806383.0,53.22687050745628,17.3195859240401,Cameroon
Cameroon,2019,25506095.0,54.72823731359296,17.37390701887,Cameroon
Canada,2015,35962234.0,3.954715600922724,39.6290380632086,Canada
Canada,2016,36353343.0,3.997725300041007,39.7329304626382,Canada
Canada,2017,36808496.5,4.0477778815148,39.7702684170451,Canada
Canada,2018,37295005.0,4.1012785276351575,39.7690436792983,Canada
Canada,2019,37782934.5,4.154935439099568,39.7878258818112,Canada
Cabo Verde,2015,512393.5,127.14478908188586,24.2095978960475,Cabo Verde
Cabo Verde,2016,512554.49999999994,127.18473945409428,24.7167659706387,Cabo Verde
Cabo Verde,2017,512893.0,127.26873449131514,25.1913283223619,Cabo Verde
Cabo Verde,2018,513414.99999999994,127.39826302729529,25.6259720224218,Cabo Verde
Cabo Verde,2019,514104.00000000006,127.56923076923078,26.0181336466155,Cabo Verde
Cayman Islands,2015,61642.5,255.7780082987552,35.313529961099,Cayman Islands
Cayman Islands,2016,63100.5,261.8278008298755,35.5372003983291,Cayman Islands
Cayman Islands,2017,64535.5,267.78215767634856,35.7964120094073,Cayman Islands
Cayman Islands,2018,65940.5,273.61203319502073,36.087176477458,Cayman Islands
Cayman Islands,2019,67327.0,279.3651452282158,36.4104289741986,Cayman Islands
Central African Republic,2015,4629320.5,7.4309295643519855,14.3696629200202,Central African Republic
Central African Republic,2016,4713663.5,7.566315933095765,14.3750588274155,Central African Republic
Central African Republic,2017,4793510.5,7.694485376737616,14.3686164644186,Central African Republic
Central African Republic,2018,4878657.0,7.831161514013291,14.358545102333,Central African Republic
Central African Republic,2019,4944703.5,7.937178561109506,14.3677376640978,Central African Republic
Sri Lanka,2015,21729971.5,346.5428833426362,30.7316465699382,Sri Lanka
Sri Lanka,2016,21910772.5,349.42624192648117,31.0147751994465,Sri Lanka
Sri Lanka,2017,22087522.0,352.2449884379236,31.2875930503827,Sri Lanka
Sri Lanka,2018,22253118.0,354.88586237142175,31.5546055046979,Sri Lanka
Sri Lanka,2019,22410551.5,357.3965632724663,31.816394009346,Sri Lanka
Chad,2015,14647621.0,11.63248173443456,14.6419078597799,Chad
Chad,2016,15114655.0,12.0033791296061,14.6473520683833,Chad
Chad,2017,15622759.0,12.40689247141042,14.7002723955167,Chad
Chad,2018,16156530.5,12.830789787166454,14.7682410178353,Chad
Chad,2019,16685223.000000002,13.250653589580688,14.8132191464451,Chad
Chile,2015,18047625.5,23.96909439354861,33.3310943234649,Chile
Chile,2016,18267221.5,24.260740363953175,33.6203216372201,Chile
Chile,2017,18558867.5,24.648076110891235,33.8620898173456,Chile
Chile,2018,18893191.0,25.092091947184024,34.0788577737657,Chile
Chile,2019,19197744.0,25.496569511550508,34.3283984938574,Chile
China,2015,1396134173.5,145.43064307291667,35.6901963147417,China
China,2016,1404052632.0,146.2554825,35.9852705182425,China
China,2017,1412354727.0,147.1202840625,36.2787778137329,China
China,2018,1419008956.0,147.81343291666667,36.6210217267493,China
China,2019,1423520357.5,148.28337057291665,37.0262100856568,China
"China, Taiwan Province of China",2015,23529254.0,664.480485738492,38.9747069086279,"Taiwan, Province of China"
"China, Taiwan Province of China",2016,23586142.5,666.0870516803163,39.4850400447872,"Taiwan, Province of China"
"China, Taiwan Province of China",2017,23632948.0,667.4088675515391,40.0161945895818,"Taiwan, Province of China"
"China, Taiwan Province of China",2018,23659305.0,668.1532053092346,40.5740121157189,"Taiwan, Province of China"
"China, Taiwan Province of China",2019,23674137.5,668.5720841570178,41.1460802056316,"Taiwan, Province of China"
Colombia,2015,46969940.5,41.799843283761405,28.5661745944926,Colombia
Colombia,2016,47437512.0,42.21594803535148,28.9849130532374,Colombia
Colombia,2017,48131078.0,42.83317151484355,29.371497475592,Colombia
Colombia,2018,49024465.5,43.62822164891113,29.7268829999024,Colombia
Colombia,2019,49907985.0,44.414489978081086,30.0840475542351,Colombia
Comoros,2015,726682.0,390.4793121977431,18.7452892491562,Comoros
Comoros,2016,741741.0,398.57119828049434,18.8610946950634,Comoros
Comoros,2017,756669.5,406.5929607737775,19.0101426474875,Comoros
Comoros,2018,771590.0,414.6104245029554,19.2235688822803,Comoros
Comoros,2019,786578.0,422.6641590542719,19.4568524927711,Comoros
Mayotte,2015,245579.5,654.8786666666666,16.3968637479024,Mayotte
Mayotte,2016,255872.0,682.3253333333333,16.2156042390737,Mayotte
Mayotte,2017,265164.5,707.1053333333333,16.174163960817,Mayotte
Mayotte,2018,269689.5,719.172,16.4664069072873,Mayotte
Mayotte,2019,274910.5,733.0946666666666,16.7041976510961,Mayotte
Congo,2015,5097580.5,14.927029282576866,18.2167573684631,Congo
Congo,2016,5222536.0,15.292931185944363,18.1444670724731,Congo
Congo,2017,5351011.0,15.669139092240115,18.0946071145461,Congo
Congo,2018,5483118.0,16.05598243045388,18.0619145645716,Congo
Congo,2019,5616661.0,16.44703074670571,18.0505034045701,Congo
Democratic Republic of the Congo,2015,81035531.0,35.744924461304336,15.8140412165666,"Congo, The Democratic Republic of the"
Democratic Republic of the Congo,2016,83956415.0,37.033331862993755,15.8418219912526,"Congo, The Democratic Republic of the"
Democratic Republic of the Congo,2017,87083398.0,38.41264991949891,15.8925077544511,"Congo, The Democratic Republic of the"
Democratic Republic of the Congo,2018,90047643.5,39.72018416003176,15.8842853252227,"Congo, The Democratic Republic of the"
Democratic Republic of the Congo,2019,92947442.0,40.99929070818906,15.8444621343494,"Congo, The Democratic Republic of the"
Cook Islands,2015,17446.0,72.69166666666666,31.0707400557596,Cook Islands
Cook Islands,2016,17332.5,72.21875,31.4542923810964,Cook Islands
Cook Islands,2017,17047.0,71.02916666666667,31.8110107103352,Cook Islands
Cook Islands,2018,16596.5,69.15208333333334,32.138629895914,Cook Islands
Cook Islands,2019,16129.000000000002,67.20416666666668,32.4506097628631,Cook Islands
Costa Rica,2015,4818038.5,94.36033098315708,30.155025059482,Costa Rica
Costa Rica,2016,4866997.5,95.31918331374852,30.6089482590021,Costa Rica
Costa Rica,2017,4913177.0,96.22359968664315,31.0707740876842,Costa Rica
Costa Rica,2018,4957818.0,97.0978848413631,31.5362768452015,Costa Rica
Costa Rica,2019,4999553.5,97.91526635330985,32.013822069169,Costa Rica
Croatia,2015,4183728.5,74.84844174896236,42.3066732448728,Croatia
Croatia,2016,4136443.500000001,74.00249570631173,42.7091610395005,Croatia
Croatia,2017,4079200.0,72.97838843566623,43.1692804194537,Croatia
Croatia,2018,4024868.0,72.00636897094604,43.6099802620541,Croatia
Croatia,2019,3986334.5,71.31699048232431,43.9516903767248,Croatia
Cuba,2015,11275064.5,105.61329830082992,39.6771928020224,Cuba
Cuba,2016,11265612.0,105.52475692688137,40.0674576818208,Cuba
Cuba,2017,11247829.0,105.35818393000991,40.4396688847162,Cuba
Cuba,2018,11227117.5,105.1641797336031,40.7807318698618,Cuba
Cuba,2019,11202846.5,104.93683377358136,41.0964107479494,Cuba
Cyprus,2015,1219501.5,131.9806818181818,34.5647140612665,Cyprus
Cyprus,2016,1237112.5,133.8866341991342,34.9380585238322,Cyprus
Cyprus,2017,1254275.5,135.74410173160177,35.320211094484,Cyprus
Cyprus,2018,1270737.5,137.52570346320346,35.7161306452836,Cyprus
Cyprus,2019,1286671.5,139.25016233766237,36.1201318937624,Cyprus
Czechia,2015,10524416.5,136.32134113959302,40.3627470478781,Czechia
Czechia,2016,10531948.0,136.41889563877052,40.7711320058615,Czechia
Czechia,2017,10541341.5,136.5405683716954,41.1807929708445,Czechia
Czechia,2018,10548937.0,136.63895185420256,41.5746643598593,Czechia
Czechia,2019,10554875.0,136.7158659637579,41.9627395988349,Czechia
Benin,2015,11360681.0,100.75098439162824,17.0529909497656,Benin
Benin,2016,11697841.5,103.74105622561191,17.1096177296206,Benin
Benin,2017,12039780.0,106.77350124157503,17.1725962731503,Benin
Benin,2018,12383347.5,109.820392869812,17.2455529859476,Benin
Benin,2019,12726755.0,112.8658655551614,17.3310800693897,Benin
Denmark,2015,5683701.0,134.0685238477143,40.4979988645493,Denmark
Denmark,2016,5728201.0,135.1182006887767,40.592704288874,Denmark
Denmark,2017,5765168.0,135.99018729065435,40.7240616726529,Denmark
Denmark,2018,5793824.5,136.66614379393312,40.8608290121528,Denmark
Denmark,2019,5814618.5,137.1566377317545,40.9929801104254,Denmark
Dominica,2015,70410.0,93.88,30.5122143095041,Dominica
Dominica,2016,69606.5,92.80866666666668,31.6873168583311,Dominica
Dominica,2017,68496.5,91.32866666666666,33.0348233758317,Dominica
Dominica,2018,68174.5,90.89933333333332,33.4954373662902,Dominica
Dominica,2019,67880.5,90.50733333333334,33.9690198071399,Dominica
Dominican Republic,2015,10434829.0,215.99281737078513,25.137638803264,Dominican Republic
Dominican Republic,2016,10551429.5,218.4063567303513,25.4477461362579,Dominican Republic
Dominican Republic,2017,10666843.0,220.79532611620544,25.7623057984384,Dominican Republic
Dominican Republic,2018,10782053.5,223.1800935604728,26.0758370349302,Dominican Republic
Dominican Republic,2019,10894043.5,225.49819916789136,26.3878786529832,Dominican Republic
Ecuador,2015,16266225.0,65.49454421001772,25.3555325872658,Ecuador
Ecuador,2016,16505138.5,66.45650869705267,25.7212056138992,Ecuador
Ecuador,2017,16759519.499999998,67.4807517313577,26.09278760101,Ecuador
Ecuador,2018,17049546.5,68.64852029312289,26.4676408083516,Ecuador
Ecuador,2019,17340021.5,69.8180926880335,26.8555537886132,Ecuador
El Salvador,2015,6183676.5,298.43998552123554,23.8335502072857,El Salvador
El Salvador,2016,6200799.5,299.2663851351351,24.1593292230851,El Salvador
El Salvador,2017,6213533.5,299.88096042471045,24.5159614466801,El Salvador
El Salvador,2018,6219807.5,300.18375965250965,24.8960037914659,El Salvador
El Salvador,2019,6222317.5,300.30489864864865,25.2928750457677,El Salvador
Equatorial Guinea,2015,1453923.0,51.83326203208557,20.8953233025922,Equatorial Guinea
Equatorial Guinea,2016,1508186.0,53.76777183600713,20.9798519214339,Equatorial Guinea
Equatorial Guinea,2017,1562395.5,55.700374331550805,21.050788851,Equatorial Guinea
Equatorial Guinea,2018,1616422.0,57.62645276292335,21.1105497946393,Equatorial Guinea
Equatorial Guinea,2019,1670177.0,59.54285204991087,21.1604294836874,Equatorial Guinea
Ethiopia,2015,103867134.5,103.8671345,17.0090514725414,Ethiopia
Ethiopia,2016,106718162.0,106.718162,17.2541215301749,Ethiopia
Ethiopia,2017,109666481.0,109.666481,17.4931746269078,Ethiopia
Ethiopia,2018,112664152.5,112.6641525,17.7173532522071,Ethiopia
Ethiopia,2019,115737382.5,115.7373825,17.9257977673632,Ethiopia
Eritrea,2015,3105546.0,25.635161460740935,17.3487445140471,Eritrea
Eritrea,2016,3124698.0,25.793254308921615,17.399773217146,Eritrea
Eritrea,2017,3150347.0,26.00497754738163,17.4692588844983,Eritrea
Eritrea,2018,3192760.5,26.355085683153938,17.6144671687604,Eritrea
Eritrea,2019,3240194.0,26.74663210724427,17.7802792403825,Eritrea
Estonia,2015,1314576.0,30.2437767450421,40.5660451548902,Estonia
Estonia,2016,1315849.0,30.273064004049143,40.6913539432587,Estonia
Estonia,2017,1317424.5,30.309310725624627,40.8797465888966,Estonia
Estonia,2018,1321964.5,30.413760180370865,41.0457801554875,Estonia
Estonia,2019,1326821.5,30.525502691759076,41.2129810555045,Estonia
Faroe Islands,2015,48893.5,35.30216606498195,38.2789543025774,Faroe Islands
Faroe Islands,2016,49522.5,35.75631768953068,38.2003458653758,Faroe Islands
Faroe Islands,2017,50243.0,36.27653429602888,38.0638680390149,Faroe Islands
Faroe Islands,2018,51034.0,36.847653429602886,37.9231062597717,Faroe Islands
Faroe Islands,2019,51841.5,37.430685920577616,37.8607598661904,Faroe Islands
Falkland Islands (Malvinas),2015,3407.5,0.2799917830731306,38.2860449318431,Falkland Islands (Malvinas)
Falkland Islands (Malvinas),2016,3478.5,0.2858258011503697,38.4380618104615,Falkland Islands (Malvinas)
Falkland Islands (Malvinas),2017,3518.0,0.2890714872637633,38.7200731172336,Falkland Islands (Malvinas)
Falkland Islands (Malvinas),2018,3521.0,0.2893179950698439,39.0793682183026,Falkland Islands (Malvinas)
Falkland Islands (Malvinas),2019,3516.5,0.2889482333607231,39.457711999971,Falkland Islands (Malvinas)
Fiji,2015,918578.0,50.277941981390256,25.6198476136807,Fiji
Fiji,2016,919166.0,50.31012588943624,25.8827835127785,Fiji
Fiji,2017,918758.5,50.287821565407775,26.1663063031739,Fiji
Fiji,2018,917180.0,50.201423097974825,26.4676945584704,Fiji
Fiji,2019,914899.5,50.076600985221674,26.7759983842564,Fiji
Finland,2015,5479717.5,18.12201740200212,41.456439768941,Finland
Finland,2016,5495469.0,18.174109313146747,41.4973486491564,Finland
Finland,2017,5508396.0,18.216860297838146,41.591969654415,Finland
Finland,2018,5515736.5,18.241136123871037,41.7648840362964,Finland
Finland,2019,5521759.0,18.26105318160322,41.9740309521083,Finland
France,2015,64916336.0,117.73429576698466,40.2857678669725,France
France,2016,65086855.5,118.04355526134428,40.5204446667359,France
France,2017,65284776.0,118.40251006565344,40.7099523443826,France
France,2018,65519542.5,118.82828992709204,40.8846099535087,France
France,2019,65729459.0,119.20900105190611,41.0796511977195,France
French Guiana,2015,266362.5,3.240419708029197,23.1089720711237,French Guiana
French Guiana,2016,271266.0,3.3000729927007297,23.5984382601692,French Guiana
French Guiana,2017,276144.5,3.3594221411192215,24.0895021474886,French Guiana
French Guiana,2018,280961.5,3.4180231143552313,24.6010875642751,French Guiana
French Guiana,2019,285568.0,3.4740632603406327,24.9628353285774,French Guiana
French Polynesia,2015,277866.0,75.42508143322476,29.8355061595299,French Polynesia
French Polynesia,2016,279177.5,75.78108034744842,30.3374738842382,French Polynesia
French Polynesia,2017,280086.5,76.0278230184582,30.8963011632368,French Polynesia
French Polynesia,2018,279815.5,75.95426167209556,31.6323779644696,French Polynesia
French Polynesia,2019,279033.5,75.74199239956569,32.4281600966063,French Polynesia
Djibouti,2015,1020313.0,44.01695427092321,22.0287117433445,Djibouti
Djibouti,2016,1037653.0,44.76501294219155,22.3176759378637,Djibouti
Djibouti,2017,1054840.5,45.50649266609146,22.6129766287008,Djibouti
Djibouti,2018,1071882.0,46.24167385677308,22.91182675842,Djibouti
Djibouti,2019,1088709.0,46.96760138050043,23.2130881512866,Djibouti
Gabon,2015,2040989.5,7.920943454806536,21.2100850335458,Gabon
Gabon,2016,2100306.0,8.151146815694492,21.3312512762301,Gabon
Gabon,2017,2156900.0,8.370784336554507,21.405793081173,Gabon
Gabon,2018,2212317.5,8.58585593976792,21.4432947950355,Gabon
Gabon,2019,2267705.5,8.800813055458532,21.4590440184371,Gabon
Georgia,2015,3791572.5,54.56285076989495,36.0561172583475,Georgia
Georgia,2016,3792057.0,54.569822996114546,36.0892764476079,Georgia
Georgia,2017,3792859.0,54.58136422506835,36.1335676087639,Georgia
Georgia,2018,3794877.0,54.61040437473018,36.2125017751635,Georgia
Georgia,2019,3796722.5,54.63696215282774,36.3291433340533,Georgia
Gambia,2015,2224529.0,219.8151185770751,16.8698738419844,Gambia
Gambia,2016,2283769.5,225.6689229249012,17.0011737285732,Gambia
Gambia,2017,2342189.0,231.44160079051383,17.1459111029727,Gambia
Gambia,2018,2399632.0,237.11778656126484,17.3035372971459,Gambia
Gambia,2019,2456844.0,242.7711462450593,17.4675337976474,Gambia
State of Palestine,2015,4521565.0,751.0905315614618,18.5809176281577,State of Palestine
State of Palestine,2016,4632739.0,769.5579734219269,18.7879194988661,State of Palestine
State of Palestine,2017,4742742.5,787.8309800664451,18.9380822385349,State of Palestine
State of Palestine,2018,4850592.5,805.7462624584717,19.0392916750821,State of Palestine
State of Palestine,2019,4957768.0,823.5495016611295,19.1521764984733,State of Palestine
Germany,2015,82077550.5,235.47610310993804,44.8125226267916,Germany
Germany,2016,82760102.5,237.43430829699335,44.8162479691437,Germany
Germany,2017,83104007.0,238.4209519164563,44.8888316122982,Germany
Germany,2018,83368505.5,239.17978396832683,44.927757846411,Germany
Germany,2019,83559186.5,239.72683756024787,44.903599356348,Germany
Ghana,2015,28696067.5,126.11438648149776,19.7755174733068,Ghana
Ghana,2016,29356741.5,129.0179375054935,19.879449472604,Ghana
Ghana,2017,30008354.0,131.8816647622396,19.9961647945683,Ghana
Ghana,2018,30637584.5,134.64702689636988,20.1195011664553,Ghana
Ghana,2019,31258945.0,137.37780170519468,20.2504784768342,Ghana
Gibraltar,2015,33192.5,3319.25,39.1291906744815,Gibraltar
Gibraltar,2016,33658.5,3365.85,39.1904001956781,Gibraltar
Gibraltar,2017,34244.5,3424.45,39.2021618741692,Gibraltar
Gibraltar,2018,34854.0,3485.4,39.1933628879125,Gibraltar
Gibraltar,2019,35494.0,3549.4,39.1534672565923,Gibraltar
Kiribati,2015,116815.0,160.9022038567493,21.269146429173,Kiribati
Kiribati,2016,118478.0,163.19283746556474,21.4649471097476,Kiribati
Kiribati,2017,120274.5,165.66735537190084,21.6362604734625,Kiribati
Kiribati,2018,122083.5,168.1590909090909,21.8120879401197,Kiribati
Kiribati,2019,123920.5,170.68939393939394,21.9926014509528,Kiribati
Greece,2015,10820902.5,82.71596468429904,42.6823728255107,Greece
Greece,2016,10775504.0,82.36893441369821,43.0771363629634,Greece
Greece,2017,10753533.5,82.20098990979973,43.393019891368,Greece
Greece,2018,10730843.5,82.02754548234215,43.709705022396,Greece
Greece,2019,10718575.5,81.93376777251184,44.004583429734,Greece
Greenland,2015,56021.0,0.1364871153297973,33.0743314339477,Greenland
Greenland,2016,56061.0,0.1365845695811172,33.1710832324065,Greenland
Greenland,2017,56071.0,0.1366089331439472,33.2787940167837,Greenland
Greenland,2018,56073.5,0.1366150240346547,33.3786353294124,Greenland
Greenland,2019,56084.0,0.1366406057756262,33.4747381310867,Greenland
Grenada,2015,114676.0,337.2823529411765,29.4950597399211,Grenada
Grenada,2016,115130.0,338.61764705882354,29.954220499656,Grenada
Grenada,2017,115438.0,339.5235294117647,30.4469594038024,Grenada
Grenada,2018,115691.0,340.2676470588235,30.9493331038616,Grenada
Grenada,2019,115981.5,341.1220588235294,31.4421395032242,Grenada
Guadeloupe,2015,403950.5,248.12684275184276,40.3138808431937,Guadeloupe
Guadeloupe,2016,404633.5,248.54637592137593,41.1501763726832,Guadeloupe
Guadeloupe,2017,412692.5,253.4966216216216,42.103541515096,Guadeloupe
Guadeloupe,2018,415180.0,255.02457002457,43.0465825580257,Guadeloupe
Guadeloupe,2019,410256.5,252.00030712530713,43.8463515393431,Guadeloupe
Guam,2015,164904.5,304.81423290203327,29.6200347579394,Guam
Guam,2016,164233.5,303.5739371534196,29.9327932122909,Guam
Guam,2017,163490.0,302.1996303142329,30.2221727436073,Guam
Guam,2018,162679.5,300.7014787430684,30.4808402001697,Guam
Guam,2019,161808.0,299.090573012939,30.7061793126756,Guam
Guatemala,2015,15971743.0,149.0457540126913,19.9969371635784,Guatemala
Guatemala,2016,16268760.0,151.81746920492722,20.2886739534186,Guatemala
Guatemala,2017,16567357.0,154.60392870474058,20.589590063402,Guatemala
Guatemala,2018,16845685.0,157.20124113475177,20.8958725203058,Guatemala
Guatemala,2019,17103802.5,159.60995240761477,21.2148032881391,Guatemala
Guinea,2015,11767070.0,47.88812469477454,16.886225482534,Guinea
Guinea,2016,12073030.0,49.13328178414456,17.0221084599274,Guinea
Guinea,2017,12385659.0,50.40557952140648,17.1543126359256,Guinea
Guinea,2018,12704774.0,51.70427315643822,17.2924607313353,Guinea
Guinea,2019,13034346.0,53.04552335992186,17.4351253052256,Guinea
Guyana,2015,758781.0,3.8546151892303784,23.6939067915336,Guyana
Guyana,2016,763548.0,3.8788315976631953,23.8385198006724,Guyana
Guyana,2017,768478.5,3.903878587757176,24.0126297619475,Guyana
Guyana,2018,791555.5,4.021109982219964,24.3256358813368,Guyana
Guyana,2019,807665.0,4.102946405892812,24.6131661181549,Guyana
Haiti,2015,10523241.5,381.7055932387827,21.5001654172905,Haiti
Haiti,2016,10671457.0,387.0817584968624,21.7506980267285,Haiti
Haiti,2017,10817754.0,392.38833472378394,22.0008764130232,Haiti
Haiti,2018,10962362.5,397.6336646233088,22.2527647613048,Haiti
Haiti,2019,11105163.0,402.81341361674345,22.5070705473839,Haiti
Honduras,2015,9237305.0,84.68842253882686,20.9081734283923,Honduras
Honduras,2016,9412380.0,86.29352549645195,21.2399809216501,Honduras
Honduras,2017,9588136.5,87.90487650585841,21.5750061023631,Honduras
Honduras,2018,9765210.5,89.52830647083631,21.9102562677109,Honduras
Honduras,2019,9943633.5,91.16410418614883,22.2445936219684,Honduras
"China, Hong Kong SAR",2015,7366409.5,6702.829390354868,41.7383864415183,"China, Hong Kong SAR"
"China, Hong Kong SAR",2016,7408009.5,6740.6819836214745,42.1712434904817,"China, Hong Kong SAR"
"China, Hong Kong SAR",2017,7444891.5,6774.241583257507,42.6619741855436,"China, Hong Kong SAR"
"China, Hong Kong SAR",2018,7471193.5,6798.174249317562,43.2161598862119,"China, Hong Kong SAR"
"China, Hong Kong SAR",2019,7485813.0,6811.476797088262,43.8124101938342,"China, Hong Kong SAR"
Hungary,2015,9839211.0,108.6845355130896,40.7308268427746,Hungary
Hungary,2016,9810532.0,108.3677454987297,41.0608608036819,Hungary
Hungary,2017,9785604.5,108.0923947862587,41.4225838378764,Hungary
Hungary,2018,9774393.5,107.9685573842925,41.7710482851814,Hungary
Hungary,2019,9770346.5,107.92385397105932,42.117614410875,Hungary
Iceland,2015,330951.5,3.3014923735323163,34.9403918093962,Iceland
Iceland,2016,335573.5,3.3476003311951956,35.1793134152589,Iceland
Iceland,2017,343531.5,3.4269874205680195,35.3061439796745,Iceland
Iceland,2018,352854.0,3.519986432967888,35.3662066876516,Iceland
Iceland,2019,360699.5,3.598251249463803,35.4542324375748,Iceland
India,2015,1328024497.5,446.6665425014883,25.2707645870168,India
India,2016,1343944296.0,452.02099294024265,25.613151815292,India
India,2017,1359657400.0,457.3059239402796,25.9608828079003,India
India,2018,1374659064.0,462.3515698626728,26.3131309014614,India
India,2019,1389030312.0,467.1851822453325,26.667794973919,India
Indonesia,2015,261799249.0,137.0008906653354,27.8590027877948,Indonesia
Indonesia,2016,264627418.0,138.4808860183858,28.1034581325065,Indonesia
Indonesia,2017,267346658.0,139.90387826666688,28.3590389500652,Indonesia
Indonesia,2018,269951846.5,141.26718677963777,28.6241535262269,Indonesia
Indonesia,2019,272489381.0,142.59509160717997,28.8911026647957,Indonesia
Iran (Islamic Republic of),2015,82619362.0,50.725625172678434,28.7298450299598,"Iran, Islamic Republic of"
Iran (Islamic Republic of),2016,83812228.0,51.45800644666155,29.2365366359867,"Iran, Islamic Republic of"
Iran (Islamic Republic of),2017,85026754.0,52.20368626247122,29.7361864555113,"Iran, Islamic Republic of"
Iran (Islamic Republic of),2018,86117998.0,52.873674904067535,30.2481787737821,"Iran, Islamic Republic of"
Iran (Islamic Republic of),2019,87051647.5,53.44690560245587,30.7847245376613,"Iran, Islamic Republic of"
Iraq,2015,37560534.5,86.51949309880956,18.5072594305341,Iraq
Iraq,2016,38469627.0,88.61355867393948,18.6802717139827,Iraq
Iraq,2017,39337353.5,90.6123389875797,18.8848828130078,Iraq
Iraq,2018,40265624.5,92.75058162569565,19.1181444822627,Iraq
Iraq,2019,41192170.5,94.88485078133638,19.3634150013502,Iraq
Ireland,2015,4702487.0,68.78299471967469,35.3694070095851,Ireland
Ireland,2016,4753503.0,69.52920268550616,35.7416973951962,Ireland
Ireland,2017,4810260.5,70.35939122676145,36.1300199250485,Ireland
Ireland,2018,4872555.5,71.27057644770137,36.5001828909297,Ireland
Ireland,2019,4933491.0,72.1618763438501,36.8833186362848,Ireland
Israel,2015,8052908.5,372.0791248902647,28.761189196621,Israel
Israel,2016,8210005.499999999,379.3376842397079,28.8155347605812,Israel
Israel,2017,8361796.5,386.3510834911981,28.8573700990815,Israel
Israel,2018,8510066.5,393.2017973478723,28.8897631016305,Israel
Israel,2019,8657474.0,400.0126599824424,28.9353098470407,Israel
Italy,2015,60575316.0,204.66362361685952,44.4021070741814,Italy
Italy,2016,60478107.5,204.3351887828364,44.7930679207525,Italy
Italy,2017,60390318.0,204.0385775825661,45.1765132040652,Italy
Italy,2018,60277498.5,203.65739842892137,45.5711357395021,Italy
Italy,2019,60130136.0,203.15951009375792,45.9983113614442,Italy
Côte d'Ivoire,2015,25246342.5,79.39101415094339,17.9473676631834,Côte d'Ivoire
Côte d'Ivoire,2016,25989404.5,81.72768710691824,17.842347335729,Côte d'Ivoire
Côte d'Ivoire,2017,26733371.5,84.06720597484276,17.7845582798889,Côte d'Ivoire
Côte d'Ivoire,2018,27464172.5,86.36532232704403,17.7844852532374,Côte d'Ivoire
Côte d'Ivoire,2019,28193009.0,88.6572610062893,17.8171910608136,Côte d'Ivoire
Jamaica,2015,2802534.0,258.77506925207757,27.7904498345232,Jamaica
Jamaica,2016,2809915.0,259.45660203139425,28.2714764938267,Jamaica
Jamaica,2017,2815763.5,259.9966297322253,28.7585405124336,Jamaica
Jamaica,2018,2820097.5,260.3968144044321,29.2507270557302,Jamaica
Jamaica,2019,2823271.0,260.6898430286242,29.7463482972062,Jamaica
Japan,2015,127275872.5,337.75946463070295,45.8446969655174,Japan
Japan,2016,127159951.0,337.45183693183026,46.1950510483581,Japan
Japan,2017,127064690.0,337.1990372163132,46.5353961418369,Japan
Japan,2018,126913432.5,336.79763629705116,46.8892814795596,Japan
Japan,2019,126699423.5,336.22970803345856,47.2624000980899,Japan
Kazakhstan,2015,18084169.0,6.698584657554543,28.2596296252834,Kazakhstan
Kazakhstan,2016,18363599.5,6.802088935807682,28.463048329271,Kazakhstan
Kazakhstan,2017,18651931.0,6.908890247064488,28.6753819779109,Kazakhstan
Kazakhstan,2018,18932726.5,7.012900137052265,28.8823124066605,Kazakhstan
Kazakhstan,2019,19209555.0,7.115440604511613,29.0626087769612,Kazakhstan
Jordan,2015,9544729.0,107.49294997409734,21.4948737323625,Jordan
Jordan,2016,10006366.5,112.69192175146968,21.8282428535569,Jordan
Jordan,2017,10234226.0,115.25808050093477,22.1822497498373,Jordan
Jordan,2018,10462306.0,117.82672252629682,22.5423221099809,Jordan
Jordan,2019,10671891.5,120.18707908191996,22.9058277655711,Jordan
Kenya,2015,47088526.0,81.08533771404169,17.6528160699749,Kenya
Kenya,2016,48139687.0,82.89541231006599,17.8500836093933,Kenya
Kenya,2017,49197765.5,84.71739867889958,18.0561750338388,Kenya
Kenya,2018,50207107.5,86.45546193743026,18.2929766686454,Kenya
Kenya,2019,51202827.5,88.17006843134824,18.5405777558017,Kenya
Dem. People's Rep. of Korea,2015,25575350.0,212.40220911884396,34.1764396254307,Dem. People's Rep. of Korea
Dem. People's Rep. of Korea,2016,25698326.5,213.42352379370485,34.4107152771664,Dem. People's Rep. of Korea
Dem. People's Rep. of Korea,2017,25817708.5,214.4149862968192,34.650573889906,Dem. People's Rep. of Korea
Dem. People's Rep. of Korea,2018,25931147.5,215.3570924341832,34.8915047087824,Dem. People's Rep. of Korea
Dem. People's Rep. of Korea,2019,26037632.5,216.24144589319823,35.1239142343267,Dem. People's Rep. of Korea
Republic of Korea,2015,50983911.5,515.2856846871431,39.8667146317472,Republic of Korea
Republic of Korea,2016,51297839.0,518.458496305954,40.47772999209,Republic of Korea
Republic of Korea,2017,51486270.5,520.3629412894293,41.0507706822567,Republic of Korea
Republic of Korea,2018,51640894.0,521.9256945918357,41.6201397776252,Republic of Korea
Republic of Korea,2019,51767846.0,523.2087767704638,42.1838885334257,Republic of Korea
Kosovo (under UNSC res. 1244),2015,1779020.0,163.13801008711602,27.2426443146003,Kosovo (under UNSC res. 1244)
Kosovo (under UNSC res. 1244),2016,1761763.5,161.55557083906464,27.7426864862475,Kosovo (under UNSC res. 1244)
Kosovo (under UNSC res. 1244),2017,1768119.0,162.13837689133425,28.2174397746987,Kosovo (under UNSC res. 1244)
Kosovo (under UNSC res. 1244),2018,1767741.0,162.10371389270978,28.7177137714432,Kosovo (under UNSC res. 1244)
Kosovo (under UNSC res. 1244),2019,1755042.0,160.93920220082532,29.2669825749741,Kosovo (under UNSC res. 1244)
Kuwait,2015,3834454.0,215.20114490964193,32.8993604732222,Kuwait
Kuwait,2016,4003971.0,224.71495117297115,33.743157769422,Kuwait
Kuwait,2017,4154684.500000001,233.17344819845104,34.5691679667121,Kuwait
Kuwait,2018,4323387.5,242.64157032214615,35.4247680850576,Kuwait
Kuwait,2019,4442193.5,249.3093220338983,36.2116241917227,Kuwait
Kyrgyzstan,2015,6001882.0,31.29239833159541,23.9762771354222,Kyrgyzstan
Kyrgyzstan,2016,6108461.5,31.8480787278415,24.1078703801644,Kyrgyzstan
Kyrgyzstan,2017,6220149.5,32.43039363920751,24.223907421803,Kyrgyzstan
Kyrgyzstan,2018,6341732.0,33.06429614181439,24.3301960260885,Kyrgyzstan
Kyrgyzstan,2019,6494035.0,33.85836809176225,24.4703997797642,Kyrgyzstan
Lao People's Democratic Republic,2015,6801645.5,29.469867850953207,21.9846418245444,Lao People's Democratic Republic
Lao People's Democratic Republic,2016,6908802.5,29.93415294627383,22.2495783327535,Lao People's Democratic Republic
Lao People's Democratic Republic,2017,7018147.0,30.40791594454073,22.5216398393548,Lao People's Democratic Republic
Lao People's Democratic Republic,2018,7128045.0,30.88407712305026,22.8009982253196,Lao People's Democratic Republic
Lao People's Democratic Republic,2019,7237635.5,31.358905979202778,23.0869837438023,Lao People's Democratic Republic
Lebanon,2015,6472469.0,632.694916911046,28.3709779467947,Lebanon
Lebanon,2016,6323059.5,618.0898826979472,28.4378191885363,Lebanon
Lebanon,2017,6160128.0,602.1630498533724,28.4142900871633,Lebanon
Lebanon,2018,5984119.5,584.9579178885631,28.2664393948787,Lebanon
Lebanon,2019,5794594.0,566.4314760508308,27.9462833635674,Lebanon
Lesotho,2015,2104611.5,69.32185441370224,20.3457961713668,Lesotho
Lesotho,2016,2130422.0,70.17200263504611,20.4478226721907,Lesotho
Lesotho,2017,2157110.5,71.05107048748353,20.5577486684636,Lesotho
Lesotho,2018,2183603.0,71.92368247694334,20.6879702132828,Lesotho
Lesotho,2019,2209405.5,72.77356719367589,20.8375141553811,Lesotho
Latvia,2015,1977867.0,31.78470760280907,41.8190476292297,Latvia
Latvia,2016,1959863.0,31.49537981904961,42.0437115212949,Latvia
Latvia,2017,1942594.0,31.21786362832854,42.251382620595,Latvia
Latvia,2018,1927588.0,30.97671428801003,42.4477482054479,Latvia
Latvia,2019,1914263.0,30.762578944831024,42.638655178743,Latvia
Liberia,2015,4659431.0,48.374491279069765,17.5700592140655,Liberia
Liberia,2016,4755608.0,49.37300664451827,17.5944437810452,Liberia
Liberia,2017,4848924.5,50.341824127906975,17.6247861256614,Liberia
Liberia,2018,4944726.0,51.336441029900335,17.6823100398822,Liberia
Liberia,2019,5043720.5,52.36420784883721,17.7664722211296,Liberia
Libya,2015,6531819.5,3.896806642174731,25.371632097494,Libya
Libya,2016,6632125.5,3.9566480212958135,25.5784112301709,Libya
Libya,2017,6738769.5,4.020270576626389,25.7907477361893,Libya
Libya,2018,6849054.5,4.086065309706848,26.0104469960833,Libya
Libya,2019,6951032.5,4.146904184350536,26.234830932841,Libya
Liechtenstein,2015,37400.0,233.75,42.1418712138091,Liechtenstein
Liechtenstein,2016,37615.0,235.09375,42.5146759161755,Liechtenstein
Liechtenstein,2017,37850.5,236.565625,42.8510127886745,Liechtenstein
Liechtenstein,2018,38128.5,238.303125,43.1587362471447,Liechtenstein
Liechtenstein,2019,38440.0,240.25,43.3856203711573,Liechtenstein
Lithuania,2015,2905764.0,46.40238897494451,41.8968022374575,Lithuania
Lithuania,2016,2869109.5,45.81705019083055,42.2557698824298,Lithuania
Lithuania,2017,2829312.5,45.181528560706475,42.6762104390763,Lithuania
Lithuania,2018,2802478.0,44.75300618003545,42.9968705853741,Lithuania
Lithuania,2019,2795058.0,44.6345155778413,43.1401459589165,Lithuania
Luxembourg,2015,569536.0,219.8980694980695,38.2648455468605,Luxembourg
Luxembourg,2016,583506.0,225.29189189189188,38.3392364338248,Luxembourg
Luxembourg,2017,596495.5,230.30714285714285,38.4174834867384,Luxembourg
Luxembourg,2018,608101.0,234.78803088803087,38.4578495527654,Luxembourg
Luxembourg,2019,620163.0,239.44517374517375,38.4842481478782,Luxembourg
"China, Macao SAR",2015,622179.0,19443.09375,36.0479463397283,"China, Macao SAR"
"China, Macao SAR",2016,634311.5,19822.234375,36.1612204012862,"China, Macao SAR"
"China, Macao SAR",2017,646554.5,20204.828125,36.3151911311406,"China, Macao SAR"
"China, Macao SAR",2018,658772.0,20586.625,36.4966847304779,"China, Macao SAR"
"China, Macao SAR",2019,670974.0,20967.9375,36.7129335325004,"China, Macao SAR"
Madagascar,2015,25426702.5,43.70388624859272,17.4683803564292,Madagascar
Madagascar,2016,26099952.0,44.861079933653606,17.6693476699749,Madagascar
Madagascar,2017,26788374.5,46.04435325157487,17.8698886377099,Madagascar
Madagascar,2018,27494926.0,47.25878702979572,18.0627940716651,Madagascar
Madagascar,2019,28219554.0,48.50429103034574,18.2419192875503,Madagascar
Malawi,2015,17085587.0,180.70042939334968,15.9793588261547,Malawi
Malawi,2016,17557739.0,185.6939990692952,16.1386425634752,Malawi
Malawi,2017,18039715.0,190.7914692444369,16.3170943277423,Malawi
Malawi,2018,18528081.0,195.95652127929608,16.501867364448,Malawi
Malawi,2019,19025752.0,201.21998477028512,16.6945020208502,Malawi
Malaysia,2015,31232797.5,95.0625399482575,26.8010088295859,Malaysia
Malaysia,2016,31789685.5,96.75752701263126,27.1351066858283,Malaysia
Malaysia,2017,32355644.5,98.48012326890884,27.4661120172302,Malaysia
Malaysia,2018,32910966.999999996,100.17034545731242,27.8084312075911,Malaysia
Malaysia,2019,33440595.500000004,101.78236341500534,28.1748447846456,Malaysia
Maldives,2015,428154.0,1427.18,26.6110784784898,Maldives
Maldives,2016,443308.0,1477.6933333333334,27.038332747424,Maldives
Maldives,2017,458287.0,1527.6233333333332,27.497781410746,Maldives
Maldives,2018,473098.5,1576.995,27.9892428439508,Maldives
Maldives,2019,487731.0,1625.77,28.5129139941992,Maldives
Mali,2015,18593022.0,15.23780886583237,14.8803699114829,Mali
Mali,2016,19191289.5,15.72811570329211,14.8846120091472,Mali
Mali,2017,19813010.5,16.23764372761619,14.9107557313935,Mali
Mali,2018,20442029.5,16.75315278768061,14.9522781812775,Mali
Mali,2019,21068404.5,17.26649497209451,15.0212080375777,Mali
Malta,2015,444980.5,1412.636507936508,39.5287049646741,Malta
Malta,2016,455269.0,1445.298412698413,39.5504143065035,Malta
Malta,2017,467902.5,1485.404761904762,39.4704393575051,Malta
Malta,2018,484557.5,1538.2777777777778,39.1954389013085,Malta
Malta,2019,504015.5,1600.0492063492063,38.8932770179651,Malta
Martinique,2015,383731.0,362.0103773584906,42.8684726897095,Martinique
Martinique,2016,378886.0,357.43962264150946,43.7844494721534,Martinique
Martinique,2017,371502.0,350.4735849056604,44.9915615293442,Martinique
Martinique,2018,364089.5,343.4806603773585,46.2019272414705,Martinique
Martinique,2019,359611.5,339.2561320754717,47.0298545172878,Martinique
Mauritania,2015,3965958.5,3.847830115455515,16.7000428240147,Mauritania
Mauritania,2016,4086656.5,3.9649330552052,16.7002570484931,Mauritania
Mauritania,2017,4210599.5,4.085184340739303,16.7106084638285,Mauritania
Mauritania,2018,4337685.0,4.208484525080043,16.7338376940608,Mauritania
Mauritania,2019,4467708.0,4.334634714271854,16.7724158342893,Mauritania
Mauritius,2015,1292275.5,636.5889162561576,34.0294480402925,Mauritius
Mauritius,2016,1291803.5,636.3564039408867,34.4448451539395,Mauritius
Mauritius,2017,1290655.0,635.7906403940887,34.8504851028235,Mauritius
Mauritius,2018,1288833.5,634.8933497536946,35.2379975057735,Mauritius
Mauritius,2019,1286270.0,633.6305418719212,35.594207373941,Mauritius
Mexico,2015,121072306.0,61.795293908683334,26.2581118821144,Mexico
Mexico,2016,122251350.5,62.3970781136436,26.5813046155169,Mexico
Mexico,2017,123400057.5,62.98337806137865,26.9180826692538,Mexico
Mexico,2018,124573711.0,63.582410700432,27.2656166711496,Mexico
Mexico,2019,125762982.5,64.18941476525687,27.6162393471766,Mexico
Monaco,2015,36757.0,24669.127516778524,52.7944500736591,Monaco
Monaco,2016,37276.0,25017.44966442953,53.4865592502151,Monaco
Monaco,2017,37678.0,25287.24832214765,53.9824455115375,Monaco
Monaco,2018,38154.5,25607.046979865772,54.5104773574134,Monaco
Monaco,2019,38109.0,25576.510067114097,54.6419863159083,Monaco
Mongolia,2015,2976525.5,1.911139668986896,25.7025728621699,Mongolia
Mongolia,2016,3040812.0,1.95241614396765,25.9068031274906,Mongolia
Mongolia,2017,3104364.0,1.9932210180543848,26.0944280750719,Mongolia
Mongolia,2018,3167706.0,2.033891057304164,26.2451149124229,Mongolia
Mongolia,2019,3232113.5,2.0752452228338303,26.3339278782201,Mongolia
Republic of Moldova,2015,3287164.5,99.96850860653244,35.044618100145,"Moldova, Republic of"
Republic of Moldova,2016,3237794.0,98.46706404719907,35.4110017447715,"Moldova, Republic of"
Republic of Moldova,2017,3193497.5,97.11992883644548,35.7669151564298,"Moldova, Republic of"
Republic of Moldova,2018,3153773.0,95.91183626300104,36.1054797153365,"Moldova, Republic of"
Republic of Moldova,2019,3112562.0,94.65853658536584,36.4586324168001,"Moldova, Republic of"
Montenegro,2015,628145.0,45.478207355922386,36.7789762151081,Montenegro
Montenegro,2016,624248.5,45.19609759629308,37.1676932667422,Montenegro
Montenegro,2017,620113.5,44.89672024326673,37.5600906577624,Montenegro
Montenegro,2018,615795.0,44.584057341442225,37.9582385202087,Montenegro
Montenegro,2019,611666.5,44.28515059368665,38.3407772692216,Montenegro
Montserrat,2015,4672.5,45.36407766990291,39.200038511504,Montserrat
Montserrat,2016,4637.5,45.02427184466019,39.4187195935342,Montserrat
Montserrat,2017,4602.5,44.68446601941748,39.6238476630012,Montserrat
Montserrat,2018,4569.0,44.359223300970875,39.9050096142826,Montserrat
Montserrat,2019,4539.5,44.07281553398058,40.255624744949,Montserrat
Morocco,2015,34607588.5,77.54333071924714,26.4339170993029,Morocco
Morocco,2016,35023457.5,78.47514564194488,26.7844015386966,Morocco
Morocco,2017,35446392.0,79.42279184405109,27.1260284800506,Morocco
Morocco,2018,35839760.0,80.30419000672194,27.4921491199727,Morocco
Morocco,2019,36210898.0,81.13577862424378,27.8744565924488,Morocco
Mozambique,2015,26547572.5,33.759216282204534,15.8332032044975,Mozambique
Mozambique,2016,27337104.5,34.763224522495484,15.8837027826298,Mozambique
Mozambique,2017,28166393.5,35.8177897454157,15.9489894345637,Mozambique
Mozambique,2018,29018644.5,36.90155459192757,16.0138058943215,Mozambique
Mozambique,2019,29884380.0,38.00246700068669,16.0700479491549,Mozambique
Oman,2015,4184895.000000001,13.521470113085623,27.8205422654647,Oman
Oman,2016,4390877.5,14.187003231017773,28.1568981949527,Oman
Oman,2017,4537396.5,14.66040872374798,28.480041820385,Oman
Oman,2018,4597877.5,14.855823909531502,28.7715951112605,Oman
Oman,2019,4591241.0,14.834381260096931,28.8802378890609,Oman
Namibia,2015,2374299.5,2.883916359970363,20.4005492120825,Namibia
Namibia,2016,2439213.0,2.9627628174762233,20.5233939240288,Namibia
Namibia,2017,2506853.0,3.044920987744294,20.6122865976802,Namibia
Namibia,2018,2577326.5,3.1305208371290796,20.6751460288683,Namibia
Namibia,2019,2650494.5,3.2193935308336066,20.732918181918,Namibia
Nauru,2015,10954.0,547.7,20.467245366492,Nauru
Nauru,2016,11150.0,557.5,20.4707317230623,Nauru
Nauru,2017,11324.0,566.2,20.5779253618048,Nauru
Nauru,2018,11477.5,573.875,20.795596088093,Nauru
Nauru,2019,11587.0,579.35,20.9034866904677,Nauru
Nepal,2015,27823629.0,189.0436197607028,21.2383204126961,Nepal
Nepal,2016,27955462.0,189.93933999633103,21.5148951477503,Nepal
Nepal,2017,28011258.0,190.318437841841,21.794498191814,Nepal
Nepal,2018,28079689.0,190.7833823659304,22.1036914168844,Nepal
Nepal,2019,28414063.5,193.05524150535737,22.6629091264749,Nepal
Netherlands,2015,17107433.0,508.0761783136824,41.2118081433679,Netherlands
Netherlands,2016,17204693.0,510.96471741261024,41.3430258255435,Netherlands
Netherlands,2017,17315370.0,514.2517299753497,41.4134611386503,Netherlands
Netherlands,2018,17421279.5,517.3971518517419,41.4649140458671,Netherlands
Netherlands,2019,17537507.0,520.8490095334264,41.4891900542839,Netherlands
Curaçao,2015,166612.0,392.9528301886792,39.0165547347251,Curaçao
Curaçao,2016,167782.5,395.7134433962264,39.1064835928058,Curaçao
Curaçao,2017,168516.0,397.4433962264151,39.2286785313282,Curaçao
Curaçao,2018,181583.5,428.2629716981132,37.3627609775718,Curaçao
Curaçao,2019,189543.0,447.03537735849056,36.5701654053518,Curaçao
Aruba,2015,104184.5,578.8027777777778,38.8739072685613,Aruba
Aruba,2016,104976.5,583.2027777777778,39.1740061648219,Aruba
Aruba,2017,105730.5,587.3916666666667,39.4690143144578,Aruba
Aruba,2018,106432.0,591.2888888888889,39.7706009757598,Aruba
Aruba,2019,107076.0,594.8666666666667,40.0883340307296,Aruba
Sint Maarten (Dutch part),2015,37471.5,1102.1029411764705,37.0636130901015,Sint Maarten (Dutch part)
Sint Maarten (Dutch part),2016,38249.0,1124.970588235294,37.6668674301209,Sint Maarten (Dutch part)
Sint Maarten (Dutch part),2017,38996.5,1146.9558823529412,38.2910953875376,Sint Maarten (Dutch part)
Sint Maarten (Dutch part),2018,39712.0,1168.0,38.943789554344,Sint Maarten (Dutch part)
Sint Maarten (Dutch part),2019,40384.5,1187.779411764706,39.6237635840753,Sint Maarten (Dutch part)
"Bonaire, Sint Eustatius and Saba",2015,24610.0,75.03048780487805,38.2620246717677,"Bonaire, Sint Eustatius and Saba"
"Bonaire, Sint Eustatius and Saba",2016,24543.0,74.82621951219512,38.5467502853613,"Bonaire, Sint Eustatius and Saba"
"Bonaire, Sint Eustatius and Saba",2017,24796.5,75.59908536585365,38.9390880998965,"Bonaire, Sint Eustatius and Saba"
"Bonaire, Sint Eustatius and Saba",2018,25154.5,76.6905487804878,39.2274917158654,"Bonaire, Sint Eustatius and Saba"
"Bonaire, Sint Eustatius and Saba",2019,25625.0,78.125,39.5648595286513,"Bonaire, Sint Eustatius and Saba"
New Caledonia,2015,283168.0,15.490590809628008,30.7050380870396,New Caledonia
New Caledonia,2016,283423.0,15.504540481400438,31.1386700593137,New Caledonia
New Caledonia,2017,283546.0,15.511269146608315,31.5777945704444,New Caledonia
New Caledonia,2018,283541.0,15.510995623632384,32.0234594072216,New Caledonia
New Caledonia,2019,283606.0,15.514551422319474,32.4759405277986,New Caledonia
Vanuatu,2015,266101.0,21.829450369155044,20.0910404836131,Vanuatu
Vanuatu,2016,272086.5,22.320467596390483,20.1667090362057,Vanuatu
Vanuatu,2017,278507.0,22.847169811320754,20.2047241344937,Vanuatu
Vanuatu,2018,285258.5,23.401025430680885,20.2052035353671,Vanuatu
Vanuatu,2019,291984.5,23.95278917145201,20.187796602843,Vanuatu
New Zealand,2015,4614029.0,17.41780576286414,36.3873251570844,New Zealand
New Zealand,2016,4714770.0,17.79809968177031,36.2519556554753,New Zealand
New Zealand,2017,4812751.5,18.16797658010668,36.1812555833534,New Zealand
New Zealand,2018,4900847.0,18.500534157786056,36.1993727024467,New Zealand
New Zealand,2019,4989402.5,18.834828220140956,36.2868531135305,New Zealand
Nicaragua,2015,6149417.0,51.10035732092405,22.6690330876259,Nicaragua
Nicaragua,2016,6232665.5,51.792134784776465,22.9899318324938,Nicaragua
Nicaragua,2017,6316231.5,52.48655060661459,23.315282723371,Nicaragua
Nicaragua,2018,6400080.0,53.18331394382583,23.6460159239096,Nicaragua
Nicaragua,2019,6483657.0,53.8778211733422,23.9799275149907,Nicaragua
Niger,2015,19939498.0,15.74129470277098,14.3429741775066,Niger
Niger,2016,20685753.5,16.330428278203204,14.4169379752513,Niger
Niger,2017,21435446.5,16.92227559801058,14.4983954093787,Niger
Niger,2018,22188069.0,17.51643562011526,14.5912555371498,Niger
Niger,2019,22947757.5,18.116173916475883,14.6988533477766,Niger
Nigeria,2015,190671878.0,209.3523919321014,16.6656058509464,Nigeria
Nigeria,2016,195443700.0,214.59171909483183,16.7138924958719,Nigeria
Nigeria,2017,200254578.5,219.8739292027625,16.801225866251,Nigeria
Nigeria,2018,204938754.5,225.01702350758148,16.915836574754,Nigeria
Nigeria,2019,209485641.0,230.00937777924173,17.0531255775454,Nigeria
Niue,2015,1779.0,6.842307692307692,35.1656442021035,Niue
Niue,2016,1782.0,6.8538461538461535,35.4086086956522,Niue
Niue,2017,1780.0,6.846153846153846,35.6751314800902,Niue
Niue,2018,1786.0,6.869230769230769,35.9702305029155,Niue
Niue,2019,1793.0,6.8961538461538465,35.9015777610819,Niue
Norway,2015,5189771.0,17.05893316153123,38.1764288527212,Norway
Norway,2016,5235983.0,17.21083339359555,38.2814242562411,Norway
Norway,2017,5276802.5,17.345008316185993,38.4092762397262,Norway
Norway,2018,5311752.5,17.459890015974967,38.5904812073103,Norway
Norway,2019,5347730.5,17.578150782641853,38.7973102442023,Norway
Northern Mariana Islands,2015,51513.5,112.72100656455142,32.8448526065595,Northern Mariana Islands
Northern Mariana Islands,2016,50773.0,111.10065645514224,32.9193525584599,Northern Mariana Islands
Northern Mariana Islands,2017,49958.5,109.31838074398247,33.0153204149869,Northern Mariana Islands
Northern Mariana Islands,2018,49077.0,107.38949671772428,33.1309175930883,Northern Mariana Islands
Northern Mariana Islands,2019,48129.0,105.31509846827132,33.2641107522717,Northern Mariana Islands
Micronesia (Fed. States of),2015,108715.5,155.30785714285713,21.0431231668653,"Micronesia, Federated States of"
Micronesia (Fed. States of),2016,109074.5,155.82071428571427,21.2482145319359,"Micronesia, Federated States of"
Micronesia (Fed. States of),2017,109481.5,156.40214285714285,21.4660011530979,"Micronesia, Federated States of"
Micronesia (Fed. States of),2018,109909.5,157.01357142857142,21.6838541700277,"Micronesia, Federated States of"
Micronesia (Fed. States of),2019,110282.0,157.5457142857143,21.890328943678,"Micronesia, Federated States of"
Marshall Islands,2015,48800.5,271.1138888888889,20.506556323589,Marshall Islands
Marshall Islands,2016,47709.0,265.05,20.7494510300214,Marshall Islands
Marshall Islands,2017,46529.0,258.49444444444447,20.9837707036408,Marshall Islands
Marshall Islands,2018,45285.0,251.58333333333337,21.1914502212498,Marshall Islands
Marshall Islands,2019,44006.5,244.48055555555555,21.3374501333528,Marshall Islands
Palau,2015,17769.5,38.62934782608696,34.9812823256967,Palau
Palau,2016,17797.0,38.68913043478261,35.3267363042815,Palau
Palau,2017,17812.0,38.721739130434784,35.7007439362984,Palau
Palau,2018,17814.5,38.72717391304348,36.0697532285558,Palau
Palau,2019,17798.0,38.69130434782609,36.4390157294312,Palau
Pakistan,2015,217290882.5,281.873809801785,19.2441381266648,Pakistan
Pakistan,2016,220138868.5,285.5682706776671,19.3116062106895,Pakistan
Pakistan,2017,223273967.5,289.63517992424244,19.3998460661257,Pakistan
Pakistan,2018,226928892.5,294.37641721149856,19.5167096785815,Pakistan
Pakistan,2019,230800898.5,299.3992560450394,19.6521039536619,Pakistan
Panama,2015,3960034.5,53.38628550628901,27.2682463599821,Panama
Panama,2016,4029086.5,54.3171940089246,27.5305115614012,Panama
Panama,2017,4098707.000000001,55.25576661229223,27.7946165950125,Panama
Panama,2018,4167860.5,56.188043463607315,28.0677015684865,Panama
Panama,2019,4234700.5,57.08913140191704,28.3612010641298,Panama
Papua New Guinea,2015,8743246.0,19.306730556905,20.8039968554155,Papua New Guinea
Papua New Guinea,2016,8961717.5,19.78915669301771,20.9841918710756,Papua New Guinea
Papua New Guinea,2017,9178714.0,20.268325751888,21.1672403644303,Papua New Guinea
Papua New Guinea,2018,9394513.5,20.744851609769025,21.3530169326903,Papua New Guinea
Papua New Guinea,2019,9609010.0,21.218500198736916,21.5426506735575,Papua New Guinea
Paraguay,2015,6159103.0,15.2278527331301,23.9155584448596,Paraguay
Paraguay,2016,6249126.0,15.450426862284065,24.2414638804122,Paraguay
Paraguay,2017,6338660.5,15.67179321717932,24.5660724060098,Paraguay
Paraguay,2018,6427381.5,15.891148263252758,24.8908483132398,Paraguay
Paraguay,2019,6515058.0,16.107920872861055,25.2154376020512,Paraguay
Peru,2015,30457600.0,23.793401380844724,27.0552751212103,Peru
Peru,2016,30866493.5,24.11282796624602,27.3332026665313,Peru
Peru,2017,31324636.5,24.47072813857819,27.6118695951407,Peru
Peru,2018,31897583.5,24.918312910226344,27.9138509145813,Peru
Peru,2019,32449303.0,25.349314811661092,28.2205835006159,Peru
Philippines,2015,105312991.5,351.043305,22.2128455407803,Philippines
Philippines,2016,106735719.0,355.78573,22.5829226075142,Philippines
Philippines,2017,108119693.5,360.39897833333333,22.9542209028972,Philippines
Philippines,2018,109465286.5,364.88428833333336,23.3254549352158,Philippines
Philippines,2019,110804683.5,369.348945,23.6890222237258,Philippines
Poland,2015,38266314.0,124.97408179128266,38.3169097798178,Poland
Poland,2016,38263265.0,124.96412405207155,38.6748877447203,Poland
Poland,2017,38254958.5,124.93699582617556,39.0338255818543,Poland
Poland,2018,38241070.5,124.8916389609202,39.3887656726762,Poland
Poland,2019,38225884.5,124.84204295316042,39.7420879388975,Poland
Portugal,2015,10370267.0,112.73867478393215,42.8224011249674,Portugal
Portugal,2016,10346372.0,112.478904169158,43.2839081513065,Portugal
Portugal,2017,10330844.0,112.31009403707128,43.7347063579094,Portugal
Portugal,2018,10325353.0,112.25039952166114,44.1707529303969,Portugal
Portugal,2019,10343213.0,112.44456161330652,44.6038102274917,Portugal
Guinea-Bissau,2015,1786456.5,63.52974751066856,17.5558511510246,Guinea-Bissau
Guinea-Bissau,2016,1831893.5,65.14557254623044,17.6888345293458,Guinea-Bissau
Guinea-Bissau,2017,1877071.5,66.75218705547653,17.8422714231265,Guinea-Bissau
Guinea-Bissau,2018,1922167.5,68.3558854907539,18.0109268633189,Guinea-Bissau
Guinea-Bissau,2019,1967696.0,69.97496443812233,18.1881136053586,Guinea-Bissau
Timor-Leste,2015,1205131.5,81.04448554135844,18.7065985238565,Timor-Leste
Timor-Leste,2016,1228311.5,82.60332885003362,18.9799367608888,Timor-Leste
Timor-Leste,2017,1251703.0,84.1763954270343,19.2722223088583,Timor-Leste
Timor-Leste,2018,1275959.0,85.80759919300606,19.5493953081694,Timor-Leste
Timor-Leste,2019,1300944.5,87.487861466039,19.8131198679676,Timor-Leste
Puerto Rico,2015,3521811.5,405.17849746893694,39.9371489366851,Puerto Rico
Puerto Rico,2016,3476007.5,399.90882420616657,40.8009729614108,Puerto Rico
Puerto Rico,2017,3371873.5,387.9283824206167,42.0264678926417,Puerto Rico
Puerto Rico,2018,3290068.0,378.516797054763,43.1457237942065,Puerto Rico
Puerto Rico,2019,3288028.0,378.2820984813622,43.7459095923517,Puerto Rico
Qatar,2015,2427330.5,209.50548075263248,30.1435289324949,Qatar
Qatar,2016,2599372.0,224.35456585534263,30.2829875353488,Qatar
Qatar,2017,2706709.5,233.6189798032108,30.4729153931426,Qatar
Qatar,2018,2761142.0,238.31710685309855,30.7866593996805,Qatar
Qatar,2019,2797921.0,241.49154151562232,31.2061922685935,Qatar
Réunion,2015,865012.0,346.0048,32.9342030961368,Réunion
Réunion,2016,862859.5,345.1438,33.553238770701,Réunion
Réunion,2017,858754.0,343.5016,34.5194782195614,Réunion
Réunion,2018,856942.0,342.7768,35.437109312095,Réunion
Réunion,2019,857327.5,342.931,35.9336575593074,Réunion
Romania,2015,19871019.5,86.36719823015004,40.2683548476368,Romania
Romania,2016,19777050.5,85.95877231871208,40.6185505013482,Romania
Romania,2017,19689401.5,85.57781559136981,40.9587737174631,Romania
Romania,2018,19597872.0,85.17999269806499,41.2918218101455,Romania
Romania,2019,19501542.0,84.76130496010015,41.6278474299922,Romania
Russian Federation,2015,145307615.5,8.873386073373378,37.6848502679957,Russian Federation
Russian Federation,2016,145778677.0,8.902152016159098,37.7968965083077,Russian Federation
Russian Federation,2017,146186799.0,8.927074481912706,37.9538583157729,Russian Federation
Russian Federation,2018,146430145.5,8.941934731574598,38.1692697284666,Russian Federation
Russian Federation,2019,146533067.0,8.948219758010467,38.4414553518937,Russian Federation
Rwanda,2015,11640022.0,480.79396943411814,18.254116208197,Rwanda
Rwanda,2016,11919183.0,492.32478314745975,18.3877891878414,Rwanda
Rwanda,2017,12202060.5,504.0091078066915,18.5062484217887,Rwanda
Rwanda,2018,12487996.0,515.8197439074762,18.6207120255476,Rwanda
Rwanda,2019,12776103.0,527.7200743494424,18.7415274887169,Rwanda
Saint Barthélemy,2015,9590.0,435.90909090909093,36.978815289668,Saint Barthélemy
Saint Barthélemy,2016,9750.0,443.1818181818182,37.2040268157368,Saint Barthélemy
Saint Barthélemy,2017,9928.5,451.29545454545456,37.3505001989442,Saint Barthélemy
Saint Barthélemy,2018,10107.5,459.4318181818182,37.5572555289955,Saint Barthélemy
Saint Barthélemy,2019,10298.5,468.1136363636364,37.9674533133051,Saint Barthélemy
Saint Helena,2015,5505.0,14.115384615384617,45.7879208689392,Saint Helena
Saint Helena,2016,5517.0,14.146153846153846,46.2284125760201,Saint Helena
Saint Helena,2017,5501.0,14.105128205128205,46.9637097512853,Saint Helena
Saint Helena,2018,5481.5,14.055128205128206,47.7543830312476,Saint Helena
Saint Helena,2019,5458.5,13.996153846153844,48.5469318093242,Saint Helena
Saint Kitts and Nevis,2015,47087.5,181.10576923076923,31.7809998541976,Saint Kitts and Nevis
Saint Kitts and Nevis,2016,47074.5,181.05576923076924,32.2434196267794,Saint Kitts and Nevis
Saint Kitts and Nevis,2017,47050.5,180.96346153846153,32.7091975891844,Saint Kitts and Nevis
Saint Kitts and Nevis,2018,47008.5,180.8019230769231,33.1842400286036,Saint Kitts and Nevis
Saint Kitts and Nevis,2019,46951.5,180.5826923076923,33.6726913571318,Saint Kitts and Nevis
Anguilla,2015,14209.5,161.4715909090909,33.5262632087406,Anguilla
Anguilla,2016,14320.5,162.73295454545453,34.0313089503359,Anguilla
Anguilla,2017,14425.0,163.92045454545453,34.5523744392174,Anguilla
Anguilla,2018,14721.0,167.2840909090909,34.9687073208798,Anguilla
Anguilla,2019,14823.5,168.44886363636363,35.4950292626559,Anguilla
Saint Lucia,2015,174904.5,283.9358766233766,30.4607526919062,Saint Lucia
Saint Lucia,2016,175646.0,285.13961038961037,30.8905728029678,Saint Lucia
Saint Lucia,2017,176342.0,286.2694805194805,31.317302837822,Saint Lucia
Saint Lucia,2018,177017.0,287.3652597402597,31.7413833143957,Saint Lucia
Saint Lucia,2019,177661.5,288.41152597402595,32.1604645510893,Saint Lucia
Saint Martin (French part),2015,37369.0,705.0754716981132,32.3234295165581,Saint Martin (French part)
Saint Martin (French part),2016,37175.0,701.4150943396227,32.9841221188459,Saint Martin (French part)
Saint Martin (French part),2017,36837.5,695.0471698113207,33.7644081634879,Saint Martin (French part)
Saint Martin (French part),2018,36012.0,679.4716981132076,35.299904813191,Saint Martin (French part)
Saint Martin (French part),2019,34266.5,646.5377358490566,38.57873895898,Saint Martin (French part)
Saint Pierre and Miquelon,2015,5946.5,25.85434782608696,43.5273499511152,Saint Pierre and Miquelon
Saint Pierre and Miquelon,2016,5930.0,25.782608695652176,43.4472404304598,Saint Pierre and Miquelon
Saint Pierre and Miquelon,2017,5919.0,25.734782608695653,43.4421037601441,Saint Pierre and Miquelon
Saint Pierre and Miquelon,2018,5909.5,25.693478260869565,43.7371039461078,Saint Pierre and Miquelon
Saint Pierre and Miquelon,2019,5876.0,25.547826086956523,44.5523542131561,Saint Pierre and Miquelon
Saint Vincent and the Grenadines,2015,106960.0,274.2564102564103,30.7291356219165,Saint Vincent and the Grenadines
Saint Vincent and the Grenadines,2016,106348.5,272.6884615384615,31.2121448860042,Saint Vincent and the Grenadines
Saint Vincent and the Grenadines,2017,105663.0,270.9307692307692,31.7117086770269,Saint Vincent and the Grenadines
Saint Vincent and the Grenadines,2018,104926.0,269.04102564102567,32.2236680169807,Saint Vincent and the Grenadines
Saint Vincent and the Grenadines,2019,104167.0,267.0948717948718,32.7352742116613,Saint Vincent and the Grenadines
San Marino,2015,33901.0,555.7540983606557,43.4701887689506,San Marino
San Marino,2016,34161.5,560.0245901639345,43.9035193399826,San Marino
San Marino,2017,34378.0,563.5737704918033,44.3277330436296,San Marino
San Marino,2018,34528.5,566.0409836065573,44.8076284463445,San Marino
San Marino,2019,34653.0,568.0819672131148,45.3323591342688,San Marino
Sao Tome and Principe,2015,200291.0,208.63645833333337,17.8863779724153,Sao Tome and Principe
Sao Tome and Principe,2016,203688.5,212.17552083333337,17.9472597646115,Sao Tome and Principe
Sao Tome and Principe,2017,206970.5,215.59427083333333,18.0389183078179,Sao Tome and Principe
Sao Tome and Principe,2018,210187.0,218.94479166666667,18.1644958194327,Sao Tome and Principe
Sao Tome and Principe,2019,213392.0,222.28333333333333,18.3200591482411,Sao Tome and Principe
Saudi Arabia,2015,29974938.0,13.94384213537766,26.9668231068048,Saudi Arabia
Saudi Arabia,2016,30717808.5,14.289413124683094,27.6336974928219,Saudi Arabia
Saudi Arabia,2017,30782402.0,14.31946094553168,28.1095091102864,Saudi Arabia
Saudi Arabia,2018,30365120.5,14.1253485386265,28.3197265474373,Saudi Arabia
Saudi Arabia,2019,30472811.5,14.175444598988692,28.4037976426522,Saudi Arabia
Senegal,2015,14593330.5,75.7976964628889,17.5380342160019,Senegal
Senegal,2016,15034520.5,78.08923544382694,17.6422325152898,Senegal
Senegal,2017,15475001.5,80.37709188178465,17.7831500679019,Senegal
Senegal,2018,15914498.5,82.65983742793331,17.9573966369599,Senegal
Senegal,2019,16352921.5,84.9370046226562,18.1601361006528,Senegal
Serbia,2015,7177253.0,93.53175823603004,42.2472239050912,Serbia
Serbia,2016,7126083.0,92.86492650125103,42.4815358312762,Serbia
Serbia,2017,7073506.5,92.17976569015846,42.7085269138229,Serbia
Serbia,2018,7020019.0,91.48273300667223,42.9320597581868,Serbia
Serbia,2019,6966152.5,90.7807613115096,43.1663180258266,Serbia
Seychelles,2015,107229.5,234.6378555798687,31.0257967117129,Seychelles
Seychelles,2016,109821.0,240.30853391684903,31.2665392517364,Seychelles
Seychelles,2017,112426.5,246.0098468271335,31.5522564466309,Seychelles
Seychelles,2018,115040.0,251.72866520787747,31.8791833756389,Seychelles
Seychelles,2019,117650.5,257.44091903719914,32.2385120984744,Seychelles
Sierra Leone,2015,7037655.0,98.0994563702258,17.6618716672012,Sierra Leone
Sierra Leone,2016,7205328.5,100.43669500975746,17.8305369098282,Sierra Leone
Sierra Leone,2017,7379299.0,102.86170894898244,18.0103435592755,Sierra Leone
Sierra Leone,2018,7554563.0,105.30475327571789,18.2007544551297,Sierra Leone
Sierra Leone,2019,7731991.0,107.77796208530806,18.4002038385823,Sierra Leone
Singapore,2015,5525339.5,8089.808931185944,33.3378000161843,Singapore
Singapore,2016,5577929.5,8166.807467057101,33.5288644606779,Singapore
Singapore,2017,5604078.5,8205.092972181552,33.7745117296323,Singapore
Singapore,2018,5634369.5,8249.44289897511,33.9989164624612,Singapore
Singapore,2019,5669562.5,8300.969985358712,34.186085508214,Singapore
Slovakia,2015,5420278.0,110.54347072379826,38.1945931972541,Slovakia
Slovakia,2016,5427259.0,110.68584422735708,38.6035092001622,Slovakia
Slovakia,2017,5435700.5,110.85800379336364,39.005332301783,Slovakia
Slovakia,2018,5443232.0,111.01160442966982,39.4016421150659,Slovakia
Slovakia,2019,5450625.5,111.16239063487856,39.8045787720572,Slovakia
Viet Nam,2015,92823254.0,296.1729050537796,29.1926269014771,Viet Nam
Viet Nam,2016,94000116.5,299.9279424011435,29.5173648653318,Viet Nam
Viet Nam,2017,95176977.0,303.68297336706985,29.8189993786334,Viet Nam
Viet Nam,2018,96237319.5,307.0662281555412,30.1748943075598,Viet Nam
Viet Nam,2019,97173775.5,310.05419595480663,30.5858807584327,Viet Nam
Slovenia,2015,2059947.0,102.29153838514252,41.936741636168,Slovenia
Slovenia,2016,2061373.0,102.36234978647332,42.2564367999229,Slovenia
Slovenia,2017,2062410.0,102.41384447313536,42.5683797043515,Slovenia
Slovenia,2018,2069480.5,102.76494686662032,42.8074897487114,Slovenia
Slovenia,2019,2083439.5,103.45811401330818,42.9733939079794,Slovenia
Somalia,2015,13806963.5,22.008740874167117,14.9991750443895,Somalia
Somalia,2016,14348740.0,22.872349921892436,15.0365551437659,Somalia
Somalia,2017,14916629.5,23.777583925781872,15.0908854817692,Somalia
Somalia,2018,15452486.5,24.631757101412312,15.1570881351413,Somalia
Somalia,2019,16030971.0,25.55387987375267,15.2139792658563,Somalia
South Africa,2015,56723536.5,46.46373891824546,25.3645520465228,South Africa
South Africa,2016,57259551.0,46.90280247671019,25.6935622413755,South Africa
South Africa,2017,57635162.0,47.210475314401144,26.0588928655131,South Africa
South Africa,2018,58613000.5,48.01144851832345,26.4660969052348,South Africa
South Africa,2019,59587885.5,48.81000243280502,26.8728202157556,South Africa
Zimbabwe,2015,14399013.0,37.221178751454055,16.728912658314,Zimbabwe
Zimbabwe,2016,14600294.0,37.74148636422386,16.7720390555199,Zimbabwe
Zimbabwe,2017,14812482.0,38.289988367584336,16.8776259009921,Zimbabwe
Zimbabwe,2018,15034452.0,38.86377665761923,17.0221314630731,Zimbabwe
Zimbabwe,2019,15271367.5,39.476198785058806,17.1867946638079,Zimbabwe
Spain,2015,46683686.0,92.92985822746508,41.6186374909939,Spain
Spain,2016,46732771.0,93.02756820887262,42.0473516412572,Spain
Spain,2017,46868595.5,93.29794427833758,42.4388561412516,Spain
Spain,2018,47092821.0,93.744293864486,42.7985377287991,Spain
Spain,2019,47435119.0,94.42568188966348,43.138419081889,Spain
South Sudan,2015,11107561.5,19.68881213706847,17.5193521211459,South Sudan
South Sudan,2016,10830102.0,19.196998702486542,16.9624419439277,South Sudan
South Sudan,2017,10259153.5,18.18495859301328,16.1375899349342,South Sudan
South Sudan,2018,10122977.0,17.94357766291593,16.0798068137948,South Sudan
South Sudan,2019,10423384.0,18.476066903480596,16.5941574205469,South Sudan
Sudan,2015,40024431.5,22.6761098758809,16.784377382709,Sudan
Sudan,2016,41259892.0,23.37606830115699,16.977692744957,Sudan
Sudan,2017,42714306.5,24.200076582375782,17.238367713183,Sudan
Sudan,2018,44230596.0,25.05914055947798,17.4997643525494,Sudan
Sudan,2019,45548175.5,25.805624054495475,17.6754573637864,Sudan
Western Sahara,2015,486222.0,1.8279022556390976,29.0208553368256,Western Sahara
Western Sahara,2016,499650.5,1.8783853383458649,29.4209538149334,Western Sahara
Western Sahara,2017,512842.99999999994,1.9279812030075183,29.8106792413896,Western Sahara
Western Sahara,2018,525782.0,1.976624060150376,30.1907872214846,Western Sahara
Western Sahara,2019,538440.0,2.0242105263157897,30.5616159196444,Western Sahara
Suriname,2015,581627.0,3.7283782051282057,26.5078723045687,Suriname
Suriname,2016,587757.0,3.767673076923077,26.6956828456538,Suriname
Suriname,2017,593713.0,3.805852564102564,26.8929899167422,Suriname
Suriname,2018,599512.5,3.843028846153846,27.0971657170598,Suriname
Suriname,2019,605768.0,3.883128205128205,27.298210106892,Suriname
Eswatini,2015,1142812.5,65.81883891032656,19.9532122075035,Eswatini
Eswatini,2016,1149507.5,66.20442895812936,20.1822667017206,Eswatini
Eswatini,2017,1158194.5,66.70474572366527,20.4354952587878,Eswatini
Eswatini,2018,1168929.5,67.32301445602718,20.7211790795023,Eswatini
Eswatini,2019,1179874.0,67.95334907562058,21.0118594782576,Eswatini
Sweden,2015,9799481.5,24.057253154612855,39.9444176641937,Sweden
Sweden,2016,9923280.0,24.36117248490205,39.8682303440963,Sweden
Sweden,2017,10057861.5,24.691563558697897,39.7159777376753,Sweden
Sweden,2018,10175404.5,24.980125939019,39.5937844688979,Sweden
Sweden,2019,10279125.0,25.23475475033142,39.5294816535227,Sweden
Switzerland,2015,8283933.999999999,207.1397779555911,41.259268041334,Switzerland
Switzerland,2016,8374901.0,209.41440788157632,41.3168977155264,Switzerland
Switzerland,2017,8453628.0,211.38297659531904,41.3842126986486,Switzerland
Switzerland,2018,8516344.5,212.9512027405481,41.4802071094012,Switzerland
Switzerland,2019,8577524.0,214.48099619923985,41.581934905769,Switzerland
Syrian Arab Republic,2015,19424618.0,105.73522399433892,18.4182585229937,Syrian Arab Republic
Syrian Arab Republic,2016,19193833.5,104.47898045833108,18.3575455817701,Syrian Arab Republic
Syrian Arab Republic,2017,19224668.0,104.64682379837788,18.5771391701346,Syrian Arab Republic
Syrian Arab Republic,2018,19577845.0,106.56929399597192,19.0673022221657,Syrian Arab Republic
Syrian Arab Republic,2019,20353534.0,110.79164988296772,19.8072714766935,Syrian Arab Republic
Tajikistan,2015,8643840.0,60.4041928721174,20.7047400853298,Tajikistan
Tajikistan,2016,8865631.0,61.95409503843466,20.8476085963752,Tajikistan
Tajikistan,2017,9085946.0,63.493682739343114,20.9975433799672,Tajikistan
Tajikistan,2018,9307333.0,65.04076170510133,21.1381309981999,Tajikistan
Tajikistan,2019,9529966.0,66.59654786862335,21.2757959438942,Tajikistan
Thailand,2015,70540795.5,138.0743320479947,35.7812498025551,Thailand
Thailand,2016,70859841.5,138.69882264283896,36.2511092208727,Thailand
Thailand,2017,71160187.0,139.2867094677915,36.723153221203,Thailand
Thailand,2018,71376078.5,139.7092886922821,37.2133024345509,Thailand
Thailand,2019,71522271.0,139.99544128873143,37.7141762945238,Thailand
Togo,2015,7663195.5,140.8934638720353,18.1828520000062,Togo
Togo,2016,7858289.0,144.48040080897223,18.2257304589297,Togo
Togo,2017,8057139.5,148.1364129435558,18.2734241007587,Togo
Togo,2018,8258778.0,151.84368450082735,18.3340298898875,Togo
Togo,2019,8463068.0,155.59970582827725,18.4088203908917,Togo
Tokelau,2015,1698.0,141.5,25.254556658906,Tokelau
Tokelau,2016,1677.0,139.75,25.4594203166722,Tokelau
Tokelau,2017,1741.5,145.125,25.6144776794209,Tokelau
Tokelau,2018,1877.5,156.45833333333334,25.6960521519163,Tokelau
Tokelau,2019,2014.0,167.83333333333331,25.7911214752071,Tokelau
Tonga,2015,106095.0,163.22307692307692,20.6627688442877,Tonga
Tonga,2016,105524.0,162.3446153846154,20.7316374650364,Tonga
Tonga,2017,105355.5,162.0853846153846,20.8186513812452,Tonga
Tonga,2018,105566.5,162.41,20.9073146553703,Tonga
Tonga,2019,105669.5,162.56846153846155,20.9235958220656,Tonga
Trinidad and Tobago,2015,1429188.5,278.59424951267056,32.9365424886984,Trinidad and Tobago
Trinidad and Tobago,2016,1437026.0,280.12202729044833,33.4359126577233,Trinidad and Tobago
Trinidad and Tobago,2017,1445260.5,281.72719298245613,33.9303242081174,Trinidad and Tobago
Trinidad and Tobago,2018,1470518.5,286.65077972709554,34.28138235113,Trinidad and Tobago
Trinidad and Tobago,2019,1484894.0,289.4530214424951,34.7200122501381,Trinidad and Tobago
United Arab Emirates,2015,8674633.0,122.1366439513404,30.7972901018243,United Arab Emirates
United Arab Emirates,2016,9030873.0,127.15241326875424,30.8167562350227,United Arab Emirates
United Arab Emirates,2017,9234327.0,130.01699425546295,30.8336889637063,United Arab Emirates
United Arab Emirates,2018,9346870.0,131.6015712998423,30.8310945141753,United Arab Emirates
United Arab Emirates,2019,9377847.5,132.03772668393782,30.8340020704599,United Arab Emirates
Tunisia,2015,11402264.0,73.35948015183683,29.3987687506375,Tunisia
Tunisia,2016,11528673.5,74.17276909219585,29.7273405954488,Tunisia
Tunisia,2017,11650498.5,74.95656243968345,30.0626915140858,Tunisia
Tunisia,2018,11765514.5,75.69654828540179,30.4100933911872,Tunisia
Tunisia,2019,11875081.0,76.40147333204658,30.7560111594944,Tunisia
Türkiye,2015,80014226.0,103.9680485028664,29.6211528359,Türkiye
Türkiye,2016,81652088.5,106.09623715573204,29.8752573323996,Türkiye
Türkiye,2017,83083662.0,107.95638016434424,30.1522920466675,Türkiye
Türkiye,2018,84415968.5,109.687538656244,30.4502215787735,Türkiye
Türkiye,2019,85357672.0,110.91115950540798,30.8251029706408,Türkiye
Turkmenistan,2015,6215770.0,13.227012533781627,24.2485200459213,Turkmenistan
Turkmenistan,2016,6360041.0,13.53401783244313,24.4644158982884,Turkmenistan
Turkmenistan,2017,6507061.0,13.84687293852276,24.6783134542687,Turkmenistan
Turkmenistan,2018,6655524.0,14.16279871470219,24.8978276766526,Turkmenistan
Turkmenistan,2019,6803944.5,14.478634051880068,25.1303791715858,Turkmenistan
Turks and Caicos Islands,2015,36605.0,38.53157894736842,35.1752665677484,Turks and Caicos Islands
Turks and Caicos Islands,2016,38315.0,40.33157894736842,35.5680020017507,Turks and Caicos Islands
Turks and Caicos Islands,2017,39912.5,42.01315789473684,35.9481867027145,Turks and Caicos Islands
Turks and Caicos Islands,2018,41558.5,43.74578947368421,36.304548537231,Turks and Caicos Islands
Turks and Caicos Islands,2019,43165.5,45.43736842105263,36.651659357889,Turks and Caicos Islands
Tuvalu,2015,10963.0,365.43333333333334,23.680394415425,Tuvalu
Tuvalu,2016,10929.5,364.31666666666666,23.9155728925882,Tuvalu
Tuvalu,2017,10869.0,362.3,24.1613918478833,Tuvalu
Tuvalu,2018,10750.5,358.35,24.2796548381918,Tuvalu
Tuvalu,2019,10581.0,352.7,24.2729998502172,Tuvalu
Uganda,2015,37531445.5,187.83849164443689,14.7521555337975,Uganda
Uganda,2016,38799152.0,194.18314673660083,14.9702735231886,Uganda
Uganda,2017,40177388.0,201.08098314873857,15.2198597055012,Uganda
Uganda,2018,41565831.0,208.02990385722225,15.4549534698434,Uganda
Uganda,2019,42999637.5,215.20586115601552,15.6908656502655,Uganda
Ukraine,2015,45784896.0,79.03213422633432,39.2323782851301,Ukraine
Ukraine,2016,45616832.0,78.74202858523786,39.5164928172881,Ukraine
Ukraine,2017,45436041.5,78.42995494717945,39.8313515569256,Ukraine
Ukraine,2018,45208907.0,78.03788407097977,40.1578344958011,Ukraine
Ukraine,2019,44957458.0,77.60384243595941,40.4807324033481,Ukraine
North Macedonia,2015,1980366.0,79.49126961827159,36.837251558717,North Macedonia
North Macedonia,2016,1961259.5,78.72434070565568,37.3317298385063,North Macedonia
North Macedonia,2017,1940878.5,77.90625376309558,37.8324095459665,North Macedonia
North Macedonia,2018,1919728.5,77.05729940191868,38.3443651653961,North Macedonia
North Macedonia,2019,1897641.0,76.17071408501586,38.8611919304406,North Macedonia
Egypt,2015,99597342.0,100.05258124466322,22.8783428870614,Egypt
Egypt,2016,101644589.0,102.10918579536892,22.9587313216081,Egypt
Egypt,2017,103696057.5,104.17003114169472,23.0483048720457,Egypt
Egypt,2018,105682093.5,106.16514490933749,23.1659540091643,Egypt
Egypt,2019,107553158.0,108.04476166557838,23.3278002921854,Egypt
United Kingdom,2015,65382110.0,269.34926526627146,38.7839351614157,United Kingdom
United Kingdom,2016,65893357.99999999,271.4554113231798,38.8156116518919,United Kingdom
United Kingdom,2017,66354471.00000001,273.3550203715071,38.866100388869,United Kingdom
United Kingdom,2018,66752475.00000001,274.9946444976333,38.9548972842017,United Kingdom
United Kingdom,2019,67110958.0,276.471457232194,39.0908849983669,United Kingdom
Guernsey,2015,62237.5,972.4609375,42.5183933389331,Guernsey
Guernsey,2016,62190.5,971.7265625,42.8627132835114,Guernsey
Guernsey,2017,62194.5,971.7890625,43.1510134713129,Guernsey
Guernsey,2018,62431.5,975.4921875,43.3730821341417,Guernsey
Guernsey,2019,62783.5,980.9921875,43.5659579114149,Guernsey
Jersey,2015,101217.0,872.5603448275862,40.7537174945328,Jersey
Jersey,2016,101691.5,876.6508620689655,41.069271279633,Jersey
Jersey,2017,102125.0,880.3879310344828,41.3931414374889,Jersey
Jersey,2018,102518.0,883.7758620689655,41.720971246051,Jersey
Jersey,2019,102856.5,886.6939655172414,42.0555462445064,Jersey
Isle of Man,2015,83593.0,146.1416083916084,43.4398619488164,Isle of Man
Isle of Man,2016,83466.0,145.91958041958043,43.8523907062602,Isle of Man
Isle of Man,2017,83609.0,146.16958041958043,44.1979072024826,Isle of Man
Isle of Man,2018,83805.5,146.5131118881119,44.520411364761,Isle of Man
Isle of Man,2019,83956.5,146.7770979020979,44.8312227470498,Isle of Man
United Republic of Tanzania,2015,52020962.0,58.72746197517958,16.4042364386865,"Tanzania, United Republic of"
United Republic of Tanzania,2016,53824013.0,60.762960838922425,16.5481623156395,"Tanzania, United Republic of"
United Republic of Tanzania,2017,55652890.0,62.82761516951286,16.6731809637334,"Tanzania, United Republic of"
United Republic of Tanzania,2018,57437144.5,64.84189430381247,16.7641248573051,"Tanzania, United Republic of"
United Republic of Tanzania,2019,59174891.0,66.80366966469971,16.8335537825291,"Tanzania, United Republic of"
United States of America,2015,326126496.5,35.651618573323056,36.3866299666407,United States
United States of America,2016,329179426.5,35.985359919270564,36.5088158525904,United States
United States of America,2017,332204659.5,36.31607347419152,36.64973273458,United States
United States of America,2018,335056497.5,36.627831769515765,36.8178199058327,United States
United States of America,2019,337790066.5,36.92666108997197,37.0023622045719,United States
United States Virgin Islands,2015,100247.5,286.4214285714286,40.8027237528457,United States Minor Outlying Islands
United States Virgin Islands,2016,97787.0,279.39142857142855,41.5481255921465,United States Minor Outlying Islands
United States Virgin Islands,2017,95117.5,271.76428571428573,42.3598509750523,United States Minor Outlying Islands
United States Virgin Islands,2018,92301.5,263.7185714285714,43.2274385983895,United States Minor Outlying Islands
United States Virgin Islands,2019,89372.5,255.35,44.1372563252413,United States Minor Outlying Islands
Burkina Faso,2015,18777487.0,68.63116593567251,16.0328609891286,Burkina Faso
Burkina Faso,2016,19334855.5,70.66833150584796,16.0964592021076,Burkina Faso
Burkina Faso,2017,19894407.0,72.71347587719298,16.1861946769068,Burkina Faso
Burkina Faso,2018,20438288.0,74.70134502923976,16.3004143178977,Burkina Faso
Burkina Faso,2019,20961952.5,76.61532346491228,16.4442511727063,Burkina Faso
Uruguay,2015,3368017.0,19.446274740756134,34.0396729275148,Uruguay
Uruguay,2016,3379283.0,19.511322432388734,34.1733507432231,Uruguay
Uruguay,2017,3388437.5,19.564178733919952,34.3308032229016,Uruguay
Uruguay,2018,3394534.0,19.599378738538995,34.5294466299751,Uruguay
Uruguay,2019,3397205.5,19.614803459664195,34.7609925386943,Uruguay
Uzbekistan,2015,30749346.5,72.28337212035731,25.2675540965234,Uzbekistan
Uzbekistan,2016,31284568.0,73.54153267512929,25.5391065524976,Uzbekistan
Uzbekistan,2017,31819177.5,74.79825458392102,25.8209824154127,Uzbekistan
Uzbekistan,2018,32373490.5,76.10129407616361,26.1028634321,Uzbekistan
Uzbekistan,2019,32964701.0,77.49106958157029,26.3607791040578,Uzbekistan
Venezuela (Bolivarian Republic of),2015,30573972.0,33.36149141519677,26.3334743054703,"Venezuela, Bolivarian Republic of"
Venezuela (Bolivarian Republic of),2016,30765720.5,33.57072219282117,26.659819088669,"Venezuela, Bolivarian Republic of"
Venezuela (Bolivarian Republic of),2017,30565323.5,33.35205440588361,27.0062043066811,"Venezuela, Bolivarian Republic of"
Venezuela (Bolivarian Republic of),2018,29807592.0,32.52523828489435,27.4102776174701,"Venezuela, Bolivarian Republic of"
Venezuela (Bolivarian Republic of),2019,28938098.0,31.57646994636885,27.8539563749729,"Venezuela, Bolivarian Republic of"
Wallis and Futuna Islands,2015,12160.0,86.85714285714286,32.693313323926,Wallis and Futuna
Wallis and Futuna Islands,2016,12033.0,85.95,33.2838373572808,Wallis and Futuna
Wallis and Futuna Islands,2017,11918.0,85.12857142857143,33.8539486752198,Wallis and Futuna
Wallis and Futuna Islands,2018,11800.5,84.28928571428571,34.4553839968821,Wallis and Futuna
Wallis and Futuna Islands,2019,11686.0,83.47142857142858,35.0556801884496,Wallis and Futuna
Samoa,2015,201782.0,71.30106007067138,20.1193873624088,Samoa
Samoa,2016,203499.0,71.90777385159011,20.1826704858764,Samoa
Samoa,2017,205414.5,72.58462897526502,20.2903441052612,Samoa
Samoa,2018,207582.0,73.3505300353357,20.401674756914,Samoa
Samoa,2019,209779.5,74.12703180212014,20.4203345795426,Samoa
Yemen,2015,31159379.0,59.01732863609675,17.6653987469423,Yemen
Yemen,2016,32109010.0,60.81597439248442,17.7734213612541,Yemen
Yemen,2017,33090921.499999996,62.67576093338636,17.8692586213937,Yemen
Yemen,2018,34085182.0,64.55893706081785,17.9459891324421,Yemen
Yemen,2019,35111407.5,66.50265640093187,18.0168101297755,Yemen
Zambia,2015,16399088.500000002,22.059872341570376,16.1146677184149,Zambia
Zambia,2016,16914423.0,22.753094607137573,16.2626885990335,Zambia
Zambia,2017,17441319.5,23.461869947134076,16.4261261662067,Zambia
Zambia,2018,17973569.0,24.177846083482425,16.5933679668082,Zambia
Zambia,2019,18513839.5,24.904611980252625,16.7629379847139,Zambia
